16;16;2;0.000117
16;16;4;0.000208
16;16;8;0.000346
16;16;16;0.000756
16;16;32;0.001482
16;16;3;0.000173
16;16;5;0.000254
16;16;7;0.000363
16;16;11;0.000578
16;16;13;0.000627
16;16;17;0.000797
16;16;19;0.000639
16;16;23;0.000666
16;16;29;0.000758
16;16;31;0.001302
16;32;2;0.000087
16;32;4;0.000154
16;32;8;0.000274
16;32;16;0.000471
16;32;32;0.001167
16;32;3;0.000126
16;32;5;0.000207
16;32;7;0.000317
16;32;11;0.000513
16;32;13;0.000486
16;32;17;0.000630
16;32;19;0.000704
16;32;23;0.000833
16;32;29;0.001053
16;32;31;0.001226
16;64;2;0.013231
16;64;4;0.000137
16;64;8;0.000245
16;64;16;0.000462
16;64;32;0.001356
16;64;3;0.000136
16;64;5;0.000189
16;64;7;0.000264
16;64;11;0.000378
16;64;13;0.000419
16;64;17;0.000594
16;64;19;0.000601
16;64;23;0.000698
16;64;29;0.000992
16;64;31;0.000792
16;11;2;0.000358
16;11;4;0.000133
16;11;8;0.000277
16;11;16;0.002466
16;11;32;0.000887
16;11;3;0.000095
16;11;5;0.000134
16;11;7;0.000183
16;11;11;0.000296
16;11;13;0.000797
16;11;17;0.000493
16;11;19;0.000516
16;11;23;0.000604
16;11;29;0.000729
16;11;31;0.001863
16;13;2;0.000095
16;13;4;0.000192
16;13;8;0.000324
16;13;16;0.000596
16;13;32;0.001137
16;13;3;0.000171
16;13;5;0.000255
16;13;7;0.000350
16;13;11;0.000539
16;13;13;0.000615
16;13;17;0.000811
16;13;19;0.000966
16;13;23;0.001145
16;13;29;0.001479
16;13;31;0.001497
16;17;2;0.001829
16;17;4;0.000130
16;17;8;0.000221
16;17;16;0.000410
16;17;32;0.000887
16;17;3;0.000096
16;17;5;0.000179
16;17;7;0.000216
16;17;11;0.000364
16;17;13;0.000517
16;17;17;0.000555
16;17;19;0.000524
16;17;23;0.000774
16;17;29;0.000783
16;17;31;0.000871
16;19;2;0.000075
16;19;4;0.000145
16;19;8;0.000226
16;19;16;0.000435
16;19;32;0.007218
16;19;3;0.000112
16;19;5;0.000185
16;19;7;0.000219
16;19;11;0.000324
16;19;13;0.001031
16;19;17;0.000562
16;19;19;0.000595
16;19;23;0.000592
16;19;29;0.000849
16;19;31;0.000844
16;23;2;0.002561
16;23;4;0.000126
16;23;8;0.000243
16;23;16;0.000436
16;23;32;0.000829
16;23;3;0.000099
16;23;5;0.000137
16;23;7;0.000202
16;23;11;0.000328
16;23;13;0.000345
16;23;17;0.000451
16;23;19;0.000604
16;23;23;0.000727
16;23;29;0.000762
16;23;31;0.000880
16;29;2;0.000076
16;29;4;0.000149
16;29;8;0.000281
16;29;16;0.000527
16;29;32;0.004557
16;29;3;0.000120
16;29;5;0.000180
16;29;7;0.000234
16;29;11;0.000356
16;29;13;0.000414
16;29;17;0.000538
16;29;19;0.000498
16;29;23;0.000730
16;29;29;0.000859
16;29;31;0.000776
16;31;2;0.007367
16;31;4;0.000133
16;31;8;0.000244
16;31;16;0.000449
16;31;32;0.000913
16;31;3;0.000099
16;31;5;0.000189
16;31;7;0.000249
16;31;11;0.000383
16;31;13;0.000391
16;31;17;0.000619
16;31;19;0.000640
16;31;23;0.001016
16;31;29;0.001206
16;31;31;0.001204
16;37;2;0.011430
16;37;4;0.000152
16;37;8;0.000233
16;37;16;0.000469
16;37;32;0.000831
16;37;3;0.000108
16;37;5;0.000174
16;37;7;0.000207
16;37;11;0.000295
16;37;13;0.000349
16;37;17;0.000465
16;37;19;0.000520
16;37;23;0.000674
16;37;29;0.000790
16;37;31;0.000791
16;41;2;0.000082
16;41;4;0.000146
16;41;8;0.000459
16;41;16;0.000428
16;41;32;0.000887
16;41;3;0.000129
16;41;5;0.000158
16;41;7;0.000253
16;41;11;0.000359
16;41;13;0.000444
16;41;17;0.000627
16;41;19;0.000566
16;41;23;0.000728
16;41;29;0.000858
16;41;31;0.000875
16;43;2;0.000091
16;43;4;0.000152
16;43;8;0.000244
16;43;16;0.000467
16;43;32;0.000920
16;43;3;0.000118
16;43;5;0.000172
16;43;7;0.000218
16;43;11;0.000312
16;43;13;0.000369
16;43;17;0.000467
16;43;19;0.000506
16;43;23;0.000649
16;43;29;0.000770
16;43;31;0.000949
16;47;2;0.000083
16;47;4;0.000162
16;47;8;0.000244
16;47;16;0.000417
16;47;32;0.000819
16;47;3;0.000126
16;47;5;0.000178
16;47;7;0.000254
16;47;11;0.000335
16;47;13;0.001620
16;47;17;0.000546
16;47;19;0.000580
16;47;23;0.000715
16;47;29;0.000856
16;47;31;0.000802
16;53;2;0.001090
16;53;4;0.000139
16;53;8;0.000285
16;53;16;0.000487
16;53;32;0.001100
16;53;3;0.000106
16;53;5;0.000158
16;53;7;0.000190
16;53;11;0.000299
16;53;13;0.000362
16;53;17;0.001047
16;53;19;0.000566
16;53;23;0.000682
16;53;29;0.000920
16;53;31;0.000888
16;59;2;0.011839
16;59;4;0.000165
16;59;8;0.000216
16;59;16;0.000452
16;59;32;0.000866
16;59;3;0.000094
16;59;5;0.000187
16;59;7;0.000202
16;59;11;0.000339
16;59;13;0.000389
16;59;17;0.000489
16;59;19;0.000575
16;59;23;0.000649
16;59;29;0.001213
16;59;31;0.000851
16;61;2;0.000092
16;61;4;0.000145
16;61;8;0.000277
16;61;16;0.000544
16;61;32;0.001042
16;61;3;0.000128
16;61;5;0.000156
16;61;7;0.000755
16;61;11;0.000292
16;61;13;0.000390
16;61;17;0.000817
16;61;19;0.000745
16;61;23;0.000685
16;61;29;0.000830
16;61;31;0.000998
16;67;2;0.009162
16;67;4;0.000162
16;67;8;0.000269
16;67;16;0.001739
16;67;32;0.000896
16;67;3;0.000123
16;67;5;0.000164
16;67;7;0.000231
16;67;11;0.000328
16;67;13;0.000392
16;67;17;0.000503
16;67;19;0.000574
16;67;23;0.000666
16;67;29;0.000833
16;67;31;0.000832
32;16;2;0.000087
32;16;4;0.000176
32;16;8;0.000278
32;16;16;0.000509
32;16;32;0.001035
32;16;3;0.000111
32;16;5;0.000191
32;16;7;0.000207
32;16;11;0.000318
32;16;13;0.000372
32;16;17;0.000450
32;16;19;0.000544
32;16;23;0.000822
32;16;29;0.000852
32;16;31;0.001000
32;32;2;0.003168
32;32;4;0.000154
32;32;8;0.000366
32;32;16;0.000458
32;32;32;0.000853
32;32;3;0.000125
32;32;5;0.000170
32;32;7;0.000262
32;32;11;0.000340
32;32;13;0.000368
32;32;17;0.000555
32;32;19;0.000597
32;32;23;0.000835
32;32;29;0.000865
32;32;31;0.000925
32;64;2;0.000118
32;64;4;0.000156
32;64;8;0.000261
32;64;16;0.000583
32;64;32;0.001075
32;64;3;0.000174
32;64;5;0.000204
32;64;7;0.000275
32;64;11;0.000378
32;64;13;0.000451
32;64;17;0.000548
32;64;19;0.000906
32;64;23;0.001011
32;64;29;0.001275
32;64;31;0.001394
32;11;2;0.008801
32;11;4;0.000132
32;11;8;0.000227
32;11;16;0.000405
32;11;32;0.000955
32;11;3;0.000106
32;11;5;0.000173
32;11;7;0.000214
32;11;11;0.003782
32;11;13;0.000418
32;11;17;0.001215
32;11;19;0.000687
32;11;23;0.000652
32;11;29;0.000825
32;11;31;0.000777
32;13;2;0.000063
32;13;4;0.000158
32;13;8;0.000245
32;13;16;0.000468
32;13;32;0.000959
32;13;3;0.000103
32;13;5;0.000166
32;13;7;0.000215
32;13;11;0.000313
32;13;13;0.000375
32;13;17;0.000460
32;13;19;0.000533
32;13;23;0.000694
32;13;29;0.000899
32;13;31;0.001258
32;17;2;0.006190
32;17;4;0.000167
32;17;8;0.000253
32;17;16;0.000421
32;17;32;0.000910
32;17;3;0.000123
32;17;5;0.000163
32;17;7;0.000256
32;17;11;0.000293
32;17;13;0.000861
32;17;17;0.000459
32;17;19;0.000523
32;17;23;0.000675
32;17;29;0.000726
32;17;31;0.000832
32;19;2;0.000082
32;19;4;0.000144
32;19;8;0.000262
32;19;16;0.000493
32;19;32;0.001090
32;19;3;0.000113
32;19;5;0.000178
32;19;7;0.000244
32;19;11;0.000371
32;19;13;0.000477
32;19;17;0.000589
32;19;19;0.000575
32;19;23;0.000614
32;19;29;0.000766
32;19;31;0.000805
32;23;2;0.000072
32;23;4;0.000135
32;23;8;0.002940
32;23;16;0.000441
32;23;32;0.000929
32;23;3;0.000118
32;23;5;0.000158
32;23;7;0.000195
32;23;11;0.000303
32;23;13;0.000943
32;23;17;0.000587
32;23;19;0.000521
32;23;23;0.000599
32;23;29;0.000798
32;23;31;0.001096
32;29;2;0.008583
32;29;4;0.000139
32;29;8;0.000246
32;29;16;0.000465
32;29;32;0.000839
32;29;3;0.000108
32;29;5;0.000172
32;29;7;0.000215
32;29;11;0.000311
32;29;13;0.000405
32;29;17;0.000505
32;29;19;0.000589
32;29;23;0.000571
32;29;29;0.000716
32;29;31;0.001006
32;31;2;0.003408
32;31;4;0.000143
32;31;8;0.000238
32;31;16;0.000664
32;31;32;0.001231
32;31;3;0.000146
32;31;5;0.000173
32;31;7;0.000230
32;31;11;0.000301
32;31;13;0.000372
32;31;17;0.000480
32;31;19;0.000576
32;31;23;0.000585
32;31;29;0.000805
32;31;31;0.000758
32;37;2;0.007805
32;37;4;0.000144
32;37;8;0.000249
32;37;16;0.000524
32;37;32;0.001123
32;37;3;0.000127
32;37;5;0.000212
32;37;7;0.000275
32;37;11;0.000490
32;37;13;0.000513
32;37;17;0.000653
32;37;19;0.000738
32;37;23;0.000866
32;37;29;0.001036
32;37;31;0.001113
32;41;2;0.000140
32;41;4;0.000205
32;41;8;0.000312
32;41;16;0.000627
32;41;32;0.001277
32;41;3;0.000151
32;41;5;0.000233
32;41;7;0.000329
32;41;11;0.000342
32;41;13;0.000343
32;41;17;0.000510
32;41;19;0.000611
32;41;23;0.000633
32;41;29;0.000831
32;41;31;0.000843
32;43;2;0.000105
32;43;4;0.000166
32;43;8;0.000254
32;43;16;0.000459
32;43;32;0.000862
32;43;3;0.000138
32;43;5;0.000190
32;43;7;0.000244
32;43;11;0.000386
32;43;13;0.000445
32;43;17;0.000605
32;43;19;0.000637
32;43;23;0.000787
32;43;29;0.000838
32;43;31;0.000916
32;47;2;0.000144
32;47;4;0.000199
32;47;8;0.000328
32;47;16;0.000636
32;47;32;0.001210
32;47;3;0.000161
32;47;5;0.000272
32;47;7;0.000311
32;47;11;0.000467
32;47;13;0.000471
32;47;17;0.000805
32;47;19;0.000739
32;47;23;0.001322
32;47;29;0.001267
32;47;31;0.001186
32;53;2;0.000115
32;53;4;0.000173
32;53;8;0.000282
32;53;16;0.000467
32;53;32;0.000867
32;53;3;0.000104
32;53;5;0.000191
32;53;7;0.000480
32;53;11;0.000347
32;53;13;0.000437
32;53;17;0.000609
32;53;19;0.000628
32;53;23;0.000819
32;53;29;0.000894
32;53;31;0.001123
32;59;2;0.000135
32;59;4;0.000181
32;59;8;0.000359
32;59;16;0.000639
32;59;32;0.001211
32;59;3;0.000170
32;59;5;0.000239
32;59;7;0.000440
32;59;11;0.000473
32;59;13;0.000568
32;59;17;0.000663
32;59;19;0.000751
32;59;23;0.001547
32;59;29;0.001139
32;59;31;0.001199
32;61;2;0.000117
32;61;4;0.000172
32;61;8;0.000259
32;61;16;0.000451
32;61;32;0.000833
32;61;3;0.000166
32;61;5;0.000220
32;61;7;0.000280
32;61;11;0.000995
32;61;13;0.000461
32;61;17;0.000569
32;61;19;0.000563
32;61;23;0.000620
32;61;29;0.000768
32;61;31;0.000812
32;67;2;0.000117
32;67;4;0.000182
32;67;8;0.000517
32;67;16;0.000518
32;67;32;0.002054
32;67;3;0.000241
32;67;5;0.000201
32;67;7;0.000288
32;67;11;0.000370
32;67;13;0.000379
32;67;17;0.001123
32;67;19;0.000542
32;67;23;0.000624
32;67;29;0.000864
32;67;31;0.000963
64;16;2;0.013821
64;16;4;0.000151
64;16;8;0.000226
64;16;16;0.000425
64;16;32;0.001222
64;16;3;0.000153
64;16;5;0.000228
64;16;7;0.000481
64;16;11;0.000426
64;16;13;0.000415
64;16;17;0.000508
64;16;19;0.000595
64;16;23;0.000608
64;16;29;0.000790
64;16;31;0.000836
64;32;2;0.000388
64;32;4;0.000178
64;32;8;0.000269
64;32;16;0.000490
64;32;32;0.000953
64;32;3;0.000132
64;32;5;0.000181
64;32;7;0.000247
64;32;11;0.000317
64;32;13;0.000380
64;32;17;0.000480
64;32;19;0.000544
64;32;23;0.000683
64;32;29;0.004453
64;32;31;0.001136
64;64;2;0.000170
64;64;4;0.000209
64;64;8;0.000301
64;64;16;0.000489
64;64;32;0.000955
64;64;3;0.000166
64;64;5;0.000221
64;64;7;0.000358
64;64;11;0.000369
64;64;13;0.000426
64;64;17;0.000540
64;64;19;0.000591
64;64;23;0.000734
64;64;29;0.000902
64;64;31;0.000884
64;11;2;0.000085
64;11;4;0.000139
64;11;8;0.000271
64;11;16;0.000536
64;11;32;0.000979
64;11;3;0.000122
64;11;5;0.000197
64;11;7;0.000247
64;11;11;0.000308
64;11;13;0.000400
64;11;17;0.000491
64;11;19;0.000526
64;11;23;0.000630
64;11;29;0.000775
64;11;31;0.000976
64;13;2;0.000090
64;13;4;0.000447
64;13;8;0.000287
64;13;16;0.000522
64;13;32;0.001021
64;13;3;0.000176
64;13;5;0.000150
64;13;7;0.000218
64;13;11;0.000301
64;13;13;0.000442
64;13;17;0.000456
64;13;19;0.000653
64;13;23;0.000709
64;13;29;0.000870
64;13;31;0.001129
64;17;2;0.003582
64;17;4;0.000150
64;17;8;0.000254
64;17;16;0.000529
64;17;32;0.002131
64;17;3;0.000123
64;17;5;0.000184
64;17;7;0.000288
64;17;11;0.000439
64;17;13;0.000712
64;17;17;0.000502
64;17;19;0.000633
64;17;23;0.000651
64;17;29;0.000722
64;17;31;0.001031
64;19;2;0.004462
64;19;4;0.000152
64;19;8;0.000259
64;19;16;0.000518
64;19;32;0.000867
64;19;3;0.000136
64;19;5;0.000155
64;19;7;0.000228
64;19;11;0.000326
64;19;13;0.000451
64;19;17;0.000456
64;19;19;0.000574
64;19;23;0.000650
64;19;29;0.000827
64;19;31;0.000880
64;23;2;0.004137
64;23;4;0.000148
64;23;8;0.000237
64;23;16;0.000597
64;23;32;0.000944
64;23;3;0.000135
64;23;5;0.000182
64;23;7;0.000232
64;23;11;0.000394
64;23;13;0.000449
64;23;17;0.000549
64;23;19;0.000629
64;23;23;0.000864
64;23;29;0.000769
64;23;31;0.000843
64;29;2;0.000112
64;29;4;0.000160
64;29;8;0.000306
64;29;16;0.000549
64;29;32;0.001158
64;29;3;0.000151
64;29;5;0.000203
64;29;7;0.000268
64;29;11;0.000389
64;29;13;0.000457
64;29;17;0.000508
64;29;19;0.000605
64;29;23;0.000759
64;29;29;0.000910
64;29;31;0.000928
64;31;2;0.010863
64;31;4;0.000170
64;31;8;0.000387
64;31;16;0.000483
64;31;32;0.000852
64;31;3;0.000128
64;31;5;0.000210
64;31;7;0.000266
64;31;11;0.000412
64;31;13;0.000460
64;31;17;0.000572
64;31;19;0.000638
64;31;23;0.000720
64;31;29;0.000983
64;31;31;0.000979
64;37;2;0.000141
64;37;4;0.000199
64;37;8;0.000385
64;37;16;0.000713
64;37;32;0.001271
64;37;3;0.000186
64;37;5;0.000249
64;37;7;0.000336
64;37;11;0.000465
64;37;13;0.000536
64;37;17;0.001234
64;37;19;0.000706
64;37;23;0.001092
64;37;29;0.001235
64;37;31;0.001274
64;41;2;0.001388
64;41;4;0.000224
64;41;8;0.000342
64;41;16;0.000742
64;41;32;0.001387
64;41;3;0.000187
64;41;5;0.000272
64;41;7;0.000363
64;41;11;0.000495
64;41;13;0.000579
64;41;17;0.000777
64;41;19;0.000785
64;41;23;0.001197
64;41;29;0.001167
64;41;31;0.000900
64;43;2;0.000140
64;43;4;0.000188
64;43;8;0.000516
64;43;16;0.000515
64;43;32;0.001016
64;43;3;0.000159
64;43;5;0.000239
64;43;7;0.000285
64;43;11;0.000420
64;43;13;0.000429
64;43;17;0.000548
64;43;19;0.000557
64;43;23;0.000625
64;43;29;0.000854
64;43;31;0.001454
64;47;2;0.000388
64;47;4;0.000185
64;47;8;0.000336
64;47;16;0.000772
64;47;32;0.001115
64;47;3;0.000171
64;47;5;0.000213
64;47;7;0.000252
64;47;11;0.000390
64;47;13;0.000424
64;47;17;0.000508
64;47;19;0.000720
64;47;23;0.000738
64;47;29;0.000873
64;47;31;0.001186
64;53;2;0.007016
64;53;4;0.000211
64;53;8;0.000318
64;53;16;0.000610
64;53;32;0.001176
64;53;3;0.000215
64;53;5;0.000301
64;53;7;0.000349
64;53;11;0.000495
64;53;13;0.000579
64;53;17;0.000584
64;53;19;0.000567
64;53;23;0.000668
64;53;29;0.000807
64;53;31;0.000840
64;59;2;0.000162
64;59;4;0.000208
64;59;8;0.000290
64;59;16;0.000556
64;59;32;0.000960
64;59;3;0.000201
64;59;5;0.000247
64;59;7;0.000284
64;59;11;0.000396
64;59;13;0.000497
64;59;17;0.000582
64;59;19;0.000605
64;59;23;0.001509
64;59;29;0.001007
64;59;31;0.000922
64;61;2;0.000230
64;61;4;0.000220
64;61;8;0.000306
64;61;16;0.000465
64;61;32;0.001170
64;61;3;0.000178
64;61;5;0.000231
64;61;7;0.000266
64;61;11;0.000435
64;61;13;0.000486
64;61;17;0.000593
64;61;19;0.000665
64;61;23;0.000746
64;61;29;0.000973
64;61;31;0.000972
64;67;2;0.000234
64;67;4;0.000500
64;67;8;0.000399
64;67;16;0.000703
64;67;32;0.001265
64;67;3;0.000228
64;67;5;0.000314
64;67;7;0.000391
64;67;11;0.000552
64;67;13;0.000589
64;67;17;0.000975
64;67;19;0.000743
64;67;23;0.001237
64;67;29;0.001502
64;67;31;0.001031
11;16;2;0.000072
11;16;4;0.000130
11;16;8;0.000215
11;16;16;0.000473
11;16;32;0.000960
11;16;3;0.000126
11;16;5;0.000189
11;16;7;0.000421
11;16;11;0.000351
11;16;13;0.000460
11;16;17;0.000538
11;16;19;0.000549
11;16;23;0.000711
11;16;29;0.000836
11;16;31;0.000882
11;32;2;0.017323
11;32;4;0.000173
11;32;8;0.000315
11;32;16;0.000640
11;32;32;0.001098
11;32;3;0.000135
11;32;5;0.000275
11;32;7;0.000357
11;32;11;0.000587
11;32;13;0.000458
11;32;17;0.000434
11;32;19;0.000485
11;32;23;0.000572
11;32;29;0.000720
11;32;31;0.000901
11;64;2;0.006976
11;64;4;0.000138
11;64;8;0.000246
11;64;16;0.000471
11;64;32;0.000874
11;64;3;0.000120
11;64;5;0.000181
11;64;7;0.000235
11;64;11;0.000348
11;64;13;0.000431
11;64;17;0.000614
11;64;19;0.000578
11;64;23;0.000630
11;64;29;0.000787
11;64;31;0.000779
11;11;2;0.000068
11;11;4;0.000170
11;11;8;0.000244
11;11;16;0.000407
11;11;32;0.000872
11;11;3;0.000095
11;11;5;0.000251
11;11;7;0.000207
11;11;11;0.000279
11;11;13;0.000354
11;11;17;0.000548
11;11;19;0.000595
11;11;23;0.000689
11;11;29;0.000804
11;11;31;0.000865
11;13;2;0.015085
11;13;4;0.000198
11;13;8;0.000236
11;13;16;0.000407
11;13;32;0.000940
11;13;3;0.000105
11;13;5;0.000154
11;13;7;0.000213
11;13;11;0.000381
11;13;13;0.000354
11;13;17;0.000442
11;13;19;0.000583
11;13;23;0.000750
11;13;29;0.000815
11;13;31;0.000892
11;17;2;0.016732
11;17;4;0.000119
11;17;8;0.000222
11;17;16;0.000459
11;17;32;0.000874
11;17;3;0.000089
11;17;5;0.000170
11;17;7;0.000217
11;17;11;0.000326
11;17;13;0.000350
11;17;17;0.000496
11;17;19;0.000479
11;17;23;0.000636
11;17;29;0.000741
11;17;31;0.000771
11;19;2;0.000067
11;19;4;0.000156
11;19;8;0.000199
11;19;16;0.000474
11;19;32;0.001048
11;19;3;0.000107
11;19;5;0.000155
11;19;7;0.000378
11;19;11;0.000361
11;19;13;0.000427
11;19;17;0.000567
11;19;19;0.000706
11;19;23;0.000803
11;19;29;0.000989
11;19;31;0.001123
11;23;2;0.011480
11;23;4;0.000130
11;23;8;0.000205
11;23;16;0.000466
11;23;32;0.000886
11;23;3;0.000110
11;23;5;0.000163
11;23;7;0.000197
11;23;11;0.000334
11;23;13;0.000346
11;23;17;0.000484
11;23;19;0.000861
11;23;23;0.000565
11;23;29;0.000808
11;23;31;0.001045
11;29;2;0.001431
11;29;4;0.000150
11;29;8;0.000259
11;29;16;0.000481
11;29;32;0.001089
11;29;3;0.000106
11;29;5;0.000183
11;29;7;0.000251
11;29;11;0.000288
11;29;13;0.000350
11;29;17;0.000494
11;29;19;0.000536
11;29;23;0.000623
11;29;29;0.000840
11;29;31;0.001019
11;31;2;0.000074
11;31;4;0.000146
11;31;8;0.000234
11;31;16;0.000525
11;31;32;0.000873
11;31;3;0.000102
11;31;5;0.000206
11;31;7;0.000270
11;31;11;0.000426
11;31;13;0.000490
11;31;17;0.000612
11;31;19;0.000524
11;31;23;0.000613
11;31;29;0.000762
11;31;31;0.000799
11;37;2;0.000080
11;37;4;0.000159
11;37;8;0.000260
11;37;16;0.000553
11;37;32;0.001065
11;37;3;0.000124
11;37;5;0.000184
11;37;7;0.000246
11;37;11;0.000536
11;37;13;0.000418
11;37;17;0.000543
11;37;19;0.000560
11;37;23;0.000722
11;37;29;0.000972
11;37;31;0.001129
11;41;2;0.000073
11;41;4;0.000134
11;41;8;0.000237
11;41;16;0.000441
11;41;32;0.000964
11;41;3;0.000106
11;41;5;0.000180
11;41;7;0.000230
11;41;11;0.000323
11;41;13;0.000417
11;41;17;0.000584
11;41;19;0.000620
11;41;23;0.000868
11;41;29;0.000813
11;41;31;0.000814
11;43;2;0.000074
11;43;4;0.000161
11;43;8;0.000220
11;43;16;0.000475
11;43;32;0.001098
11;43;3;0.000119
11;43;5;0.000195
11;43;7;0.000247
11;43;11;0.000375
11;43;13;0.000400
11;43;17;0.000444
11;43;19;0.000591
11;43;23;0.000632
11;43;29;0.000767
11;43;31;0.001030
11;47;2;0.005854
11;47;4;0.000130
11;47;8;0.000242
11;47;16;0.000432
11;47;32;0.000963
11;47;3;0.000122
11;47;5;0.000267
11;47;7;0.000260
11;47;11;0.000328
11;47;13;0.000413
11;47;17;0.000542
11;47;19;0.000529
11;47;23;0.000677
11;47;29;0.000760
11;47;31;0.000810
11;53;2;0.000079
11;53;4;0.000281
11;53;8;0.000283
11;53;16;0.000476
11;53;32;0.001180
11;53;3;0.000135
11;53;5;0.000182
11;53;7;0.000230
11;53;11;0.000488
11;53;13;0.000388
11;53;17;0.000445
11;53;19;0.000523
11;53;23;0.000618
11;53;29;0.000899
11;53;31;0.000892
11;59;2;0.007889
11;59;4;0.000142
11;59;8;0.000221
11;59;16;0.000421
11;59;32;0.000943
11;59;3;0.000111
11;59;5;0.000178
11;59;7;0.000255
11;59;11;0.000373
11;59;13;0.000402
11;59;17;0.000634
11;59;19;0.000702
11;59;23;0.000859
11;59;29;0.000825
11;59;31;0.000956
11;61;2;0.000090
11;61;4;0.000145
11;61;8;0.000282
11;61;16;0.000628
11;61;32;0.000936
11;61;3;0.000143
11;61;5;0.002009
11;61;7;0.000263
11;61;11;0.000373
11;61;13;0.000581
11;61;17;0.000619
11;61;19;0.000722
11;61;23;0.001236
11;61;29;0.002273
11;61;31;0.001191
11;67;2;0.000072
11;67;4;0.000167
11;67;8;0.000235
11;67;16;0.000496
11;67;32;0.000816
11;67;3;0.000112
11;67;5;0.000148
11;67;7;0.000208
11;67;11;0.000332
11;67;13;0.000384
11;67;17;0.000516
11;67;19;0.000548
11;67;23;0.000702
11;67;29;0.000778
11;67;31;0.000824
13;16;2;0.000072
13;16;4;0.000155
13;16;8;0.000250
13;16;16;0.000751
13;16;32;0.000926
13;16;3;0.000116
13;16;5;0.000173
13;16;7;0.000221
13;16;11;0.000339
13;16;13;0.000368
13;16;17;0.000606
13;16;19;0.000538
13;16;23;0.000625
13;16;29;0.000932
13;16;31;0.000946
13;32;2;0.000085
13;32;4;0.000155
13;32;8;0.000256
13;32;16;0.000508
13;32;32;0.000994
13;32;3;0.000111
13;32;5;0.000155
13;32;7;0.000197
13;32;11;0.000289
13;32;13;0.000338
13;32;17;0.000440
13;32;19;0.000551
13;32;23;0.000647
13;32;29;0.000917
13;32;31;0.001037
13;64;2;0.006090
13;64;4;0.000131
13;64;8;0.000236
13;64;16;0.000506
13;64;32;0.000853
13;64;3;0.000104
13;64;5;0.000144
13;64;7;0.000223
13;64;11;0.000373
13;64;13;0.000439
13;64;17;0.000694
13;64;19;0.000557
13;64;23;0.000607
13;64;29;0.000775
13;64;31;0.000774
13;11;2;0.000066
13;11;4;0.000172
13;11;8;0.000238
13;11;16;0.002485
13;11;32;0.001267
13;11;3;0.000120
13;11;5;0.000141
13;11;7;0.000184
13;11;11;0.000304
13;11;13;0.000345
13;11;17;0.000480
13;11;19;0.000635
13;11;23;0.000728
13;11;29;0.000899
13;11;31;0.001022
13;13;2;0.000072
13;13;4;0.000152
13;13;8;0.000263
13;13;16;0.000424
13;13;32;0.000808
13;13;3;0.000118
13;13;5;0.000169
13;13;7;0.000232
13;13;11;0.000330
13;13;13;0.000420
13;13;17;0.000500
13;13;19;0.000562
13;13;23;0.000705
13;13;29;0.000767
13;13;31;0.000809
13;17;2;0.000768
13;17;4;0.000134
13;17;8;0.000240
13;17;16;0.000672
13;17;32;0.000922
13;17;3;0.000105
13;17;5;0.000258
13;17;7;0.000249
13;17;11;0.000336
13;17;13;0.000420
13;17;17;0.000483
13;17;19;0.000531
13;17;23;0.000607
13;17;29;0.000748
13;17;31;0.000991
13;19;2;0.002273
13;19;4;0.000130
13;19;8;0.000214
13;19;16;0.000415
13;19;32;0.000791
13;19;3;0.000110
13;19;5;0.000149
13;19;7;0.000242
13;19;11;0.000286
13;19;13;0.000351
13;19;17;0.000505
13;19;19;0.000587
13;19;23;0.000726
13;19;29;0.000855
13;19;31;0.000954
13;23;2;0.000085
13;23;4;0.000265
13;23;8;0.000271
13;23;16;0.000520
13;23;32;0.000968
13;23;3;0.000142
13;23;5;0.000200
13;23;7;0.000275
13;23;11;0.000415
13;23;13;0.000402
13;23;17;0.000575
13;23;19;0.000528
13;23;23;0.000627
13;23;29;0.000838
13;23;31;0.000892
13;29;2;0.006729
13;29;4;0.000145
13;29;8;0.000245
13;29;16;0.000462
13;29;32;0.000834
13;29;3;0.000126
13;29;5;0.000225
13;29;7;0.000242
13;29;11;0.000371
13;29;13;0.000386
13;29;17;0.003859
13;29;19;0.000594
13;29;23;0.000675
13;29;29;0.000716
13;29;31;0.000894
13;31;2;0.003321
13;31;4;0.000180
13;31;8;0.000509
13;31;16;0.000506
13;31;32;0.001054
13;31;3;0.000137
13;31;5;0.000181
13;31;7;0.000255
13;31;11;0.000308
13;31;13;0.000386
13;31;17;0.000484
13;31;19;0.000486
13;31;23;0.000621
13;31;29;0.000882
13;31;31;0.000911
13;37;2;0.002783
13;37;4;0.000148
13;37;8;0.000244
13;37;16;0.000763
13;37;32;0.000894
13;37;3;0.000112
13;37;5;0.000180
13;37;7;0.000237
13;37;11;0.000334
13;37;13;0.000379
13;37;17;0.000539
13;37;19;0.000592
13;37;23;0.000776
13;37;29;0.000952
13;37;31;0.000936
13;41;2;0.000070
13;41;4;0.000137
13;41;8;0.000245
13;41;16;0.000429
13;41;32;0.001045
13;41;3;0.000125
13;41;5;0.000186
13;41;7;0.000270
13;41;11;0.000353
13;41;13;0.000385
13;41;17;0.000522
13;41;19;0.000531
13;41;23;0.000843
13;41;29;0.000751
13;41;31;0.000948
13;43;2;0.000291
13;43;4;0.000160
13;43;8;0.003230
13;43;16;0.000524
13;43;32;0.000953
13;43;3;0.000106
13;43;5;0.000171
13;43;7;0.000234
13;43;11;0.000362
13;43;13;0.000544
13;43;17;0.000486
13;43;19;0.000557
13;43;23;0.000748
13;43;29;0.000901
13;43;31;0.001007
13;47;2;0.000080
13;47;4;0.000120
13;47;8;0.000229
13;47;16;0.000421
13;47;32;0.000897
13;47;3;0.000104
13;47;5;0.000168
13;47;7;0.000225
13;47;11;0.000338
13;47;13;0.000427
13;47;17;0.000615
13;47;19;0.000615
13;47;23;0.000751
13;47;29;0.000814
13;47;31;0.000976
13;53;2;0.000083
13;53;4;0.000172
13;53;8;0.000217
13;53;16;0.000426
13;53;32;0.000925
13;53;3;0.000202
13;53;5;0.000186
13;53;7;0.000216
13;53;11;0.000329
13;53;13;0.000360
13;53;17;0.000429
13;53;19;0.000504
13;53;23;0.000673
13;53;29;0.000775
13;53;31;0.000837
13;59;2;0.000073
13;59;4;0.000145
13;59;8;0.000617
13;59;16;0.000471
13;59;32;0.001038
13;59;3;0.000118
13;59;5;0.000165
13;59;7;0.000206
13;59;11;0.000371
13;59;13;0.000378
13;59;17;0.001153
13;59;19;0.001310
13;59;23;0.000678
13;59;29;0.000890
13;59;31;0.000983
13;61;2;0.000449
13;61;4;0.000153
13;61;8;0.000281
13;61;16;0.000721
13;61;32;0.000900
13;61;3;0.000130
13;61;5;0.000191
13;61;7;0.000227
13;61;11;0.000314
13;61;13;0.000383
13;61;17;0.000490
13;61;19;0.000531
13;61;23;0.000651
13;61;29;0.000764
13;61;31;0.000832
13;67;2;0.000088
13;67;4;0.000136
13;67;8;0.000257
13;67;16;0.000532
13;67;32;0.000944
13;67;3;0.000117
13;67;5;0.000191
13;67;7;0.000240
13;67;11;0.000364
13;67;13;0.000453
13;67;17;0.000523
13;67;19;0.000536
13;67;23;0.000633
13;67;29;0.000804
13;67;31;0.000908
17;16;2;0.015831
17;16;4;0.000132
17;16;8;0.000240
17;16;16;0.000453
17;16;32;0.000891
17;16;3;0.000095
17;16;5;0.000166
17;16;7;0.000194
17;16;11;0.000322
17;16;13;0.000379
17;16;17;0.000479
17;16;19;0.000550
17;16;23;0.000633
17;16;29;0.000739
17;16;31;0.000762
17;32;2;0.000074
17;32;4;0.000161
17;32;8;0.000411
17;32;16;0.000758
17;32;32;0.001236
17;32;3;0.000139
17;32;5;0.000221
17;32;7;0.000286
17;32;11;0.000456
17;32;13;0.000496
17;32;17;0.000662
17;32;19;0.000846
17;32;23;0.000839
17;32;29;0.001169
17;32;31;0.001196
17;64;2;0.010143
17;64;4;0.000144
17;64;8;0.000261
17;64;16;0.000478
17;64;32;0.000957
17;64;3;0.000124
17;64;5;0.000165
17;64;7;0.000228
17;64;11;0.000335
17;64;13;0.000388
17;64;17;0.000453
17;64;19;0.000540
17;64;23;0.000662
17;64;29;0.000747
17;64;31;0.000983
17;11;2;0.000075
17;11;4;0.000158
17;11;8;0.000240
17;11;16;0.000574
17;11;32;0.000909
17;11;3;0.000125
17;11;5;0.000157
17;11;7;0.000179
17;11;11;0.000292
17;11;13;0.000369
17;11;17;0.000627
17;11;19;0.000520
17;11;23;0.000602
17;11;29;0.000703
17;11;31;0.000842
17;13;2;0.007220
17;13;4;0.000207
17;13;8;0.000278
17;13;16;0.000434
17;13;32;0.000842
17;13;3;0.000096
17;13;5;0.000158
17;13;7;0.000219
17;13;11;0.000432
17;13;13;0.000462
17;13;17;0.000628
17;13;19;0.000689
17;13;23;0.000837
17;13;29;0.001056
17;13;31;0.001274
17;17;2;0.000091
17;17;4;0.000206
17;17;8;0.000321
17;17;16;0.000608
17;17;32;0.000882
17;17;3;0.000101
17;17;5;0.000170
17;17;7;0.000207
17;17;11;0.000328
17;17;13;0.000359
17;17;17;0.000494
17;17;19;0.000591
17;17;23;0.000614
17;17;29;0.000754
17;17;31;0.000946
17;19;2;0.010650
17;19;4;0.000142
17;19;8;0.000276
17;19;16;0.000502
17;19;32;0.001040
17;19;3;0.000118
17;19;5;0.000166
17;19;7;0.000205
17;19;11;0.004524
17;19;13;0.000521
17;19;17;0.000630
17;19;19;0.000706
17;19;23;0.001059
17;19;29;0.001284
17;19;31;0.001511
17;23;2;0.005298
17;23;4;0.000124
17;23;8;0.000223
17;23;16;0.000424
17;23;32;0.000839
17;23;3;0.000106
17;23;5;0.000137
17;23;7;0.000187
17;23;11;0.000310
17;23;13;0.000363
17;23;17;0.000508
17;23;19;0.000579
17;23;23;0.000643
17;23;29;0.000865
17;23;31;0.000830
17;29;2;0.000065
17;29;4;0.000166
17;29;8;0.000242
17;29;16;0.000530
17;29;32;0.001235
17;29;3;0.000127
17;29;5;0.000192
17;29;7;0.000337
17;29;11;0.000385
17;29;13;0.000420
17;29;17;0.000501
17;29;19;0.000658
17;29;23;0.000885
17;29;29;0.001036
17;29;31;0.001217
17;31;2;0.001450
17;31;4;0.000136
17;31;8;0.000249
17;31;16;0.000429
17;31;32;0.000852
17;31;3;0.000091
17;31;5;0.000178
17;31;7;0.000189
17;31;11;0.000288
17;31;13;0.003556
17;31;17;0.000547
17;31;19;0.000502
17;31;23;0.000810
17;31;29;0.000854
17;31;31;0.000798
17;37;2;0.000087
17;37;4;0.000141
17;37;8;0.000262
17;37;16;0.000696
17;37;32;0.001367
17;37;3;0.000146
17;37;5;0.000204
17;37;7;0.000269
17;37;11;0.000421
17;37;13;0.000479
17;37;17;0.000634
17;37;19;0.000650
17;37;23;0.000872
17;37;29;0.001143
17;37;31;0.001169
17;41;2;0.004607
17;41;4;0.000137
17;41;8;0.000230
17;41;16;0.000442
17;41;32;0.000862
17;41;3;0.000104
17;41;5;0.000153
17;41;7;0.000194
17;41;11;0.000388
17;41;13;0.000385
17;41;17;0.000763
17;41;19;0.000501
17;41;23;0.000566
17;41;29;0.000708
17;41;31;0.000769
17;43;2;0.000095
17;43;4;0.000174
17;43;8;0.000249
17;43;16;0.000528
17;43;32;0.001231
17;43;3;0.000143
17;43;5;0.000209
17;43;7;0.000290
17;43;11;0.000317
17;43;13;0.000365
17;43;17;0.000503
17;43;19;0.000655
17;43;23;0.000615
17;43;29;0.001014
17;43;31;0.001152
17;47;2;0.013808
17;47;4;0.000125
17;47;8;0.000222
17;47;16;0.000455
17;47;32;0.001005
17;47;3;0.000110
17;47;5;0.000168
17;47;7;0.000220
17;47;11;0.000326
17;47;13;0.000379
17;47;17;0.000445
17;47;19;0.000605
17;47;23;0.000652
17;47;29;0.000789
17;47;31;0.000937
17;53;2;0.000106
17;53;4;0.000178
17;53;8;0.000282
17;53;16;0.000665
17;53;32;0.001250
17;53;3;0.000139
17;53;5;0.000214
17;53;7;0.000319
17;53;11;0.000425
17;53;13;0.000539
17;53;17;0.000608
17;53;19;0.000779
17;53;23;0.000934
17;53;29;0.001086
17;53;31;0.001265
17;59;2;0.000112
17;59;4;0.000189
17;59;8;0.000333
17;59;16;0.000474
17;59;32;0.001064
17;59;3;0.000120
17;59;5;0.000166
17;59;7;0.000224
17;59;11;0.000331
17;59;13;0.000367
17;59;17;0.000508
17;59;19;0.000595
17;59;23;0.000654
17;59;29;0.000819
17;59;31;0.000776
17;61;2;0.000091
17;61;4;0.000149
17;61;8;0.000253
17;61;16;0.000472
17;61;32;0.000957
17;61;3;0.000126
17;61;5;0.000161
17;61;7;0.000231
17;61;11;0.000515
17;61;13;0.000391
17;61;17;0.000534
17;61;19;0.000564
17;61;23;0.000731
17;61;29;0.000849
17;61;31;0.005699
17;67;2;0.000113
17;67;4;0.000191
17;67;8;0.000338
17;67;16;0.000590
17;67;32;0.001192
17;67;3;0.000162
17;67;5;0.000217
17;67;7;0.000308
17;67;11;0.000444
17;67;13;0.000548
17;67;17;0.000654
17;67;19;0.000789
17;67;23;0.000805
17;67;29;0.000703
17;67;31;0.000819
19;16;2;0.000070
19;16;4;0.000123
19;16;8;0.000241
19;16;16;0.000549
19;16;32;0.000846
19;16;3;0.000119
19;16;5;0.000168
19;16;7;0.000217
19;16;11;0.000311
19;16;13;0.000345
19;16;17;0.000466
19;16;19;0.000564
19;16;23;0.000720
19;16;29;0.000808
19;16;31;0.001140
19;32;2;0.000111
19;32;4;0.000166
19;32;8;0.000313
19;32;16;0.000634
19;32;32;0.001124
19;32;3;0.000125
19;32;5;0.000272
19;32;7;0.000367
19;32;11;0.000608
19;32;13;0.000649
19;32;17;0.000924
19;32;19;0.001011
19;32;23;0.001221
19;32;29;0.001367
19;32;31;0.001423
19;64;2;0.000101
19;64;4;0.000229
19;64;8;0.000267
19;64;16;0.000710
19;64;32;0.000833
19;64;3;0.000126
19;64;5;0.000203
19;64;7;0.000259
19;64;11;0.000386
19;64;13;0.000426
19;64;17;0.000469
19;64;19;0.000534
19;64;23;0.000656
19;64;29;0.000785
19;64;31;0.001162
19;11;2;0.000078
19;11;4;0.000187
19;11;8;0.001129
19;11;16;0.000512
19;11;32;0.001114
19;11;3;0.000104
19;11;5;0.000164
19;11;7;0.000746
19;11;11;0.000295
19;11;13;0.000362
19;11;17;0.000431
19;11;19;0.000667
19;11;23;0.000773
19;11;29;0.002054
19;11;31;0.001216
19;13;2;0.000078
19;13;4;0.000184
19;13;8;0.000459
19;13;16;0.000560
19;13;32;0.001115
19;13;3;0.000133
19;13;5;0.000214
19;13;7;0.000343
19;13;11;0.000618
19;13;13;0.000340
19;13;17;0.000441
19;13;19;0.000500
19;13;23;0.000596
19;13;29;0.001599
19;13;31;0.000824
19;17;2;0.006670
19;17;4;0.000153
19;17;8;0.000248
19;17;16;0.000456
19;17;32;0.000850
19;17;3;0.000101
19;17;5;0.000177
19;17;7;0.000247
19;17;11;0.000336
19;17;13;0.000392
19;17;17;0.000646
19;17;19;0.000716
19;17;23;0.000847
19;17;29;0.000830
19;17;31;0.000994
19;19;2;0.000086
19;19;4;0.000146
19;19;8;0.000265
19;19;16;0.000460
19;19;32;0.000782
19;19;3;0.000109
19;19;5;0.000166
19;19;7;0.000213
19;19;11;0.000322
19;19;13;0.000385
19;19;17;0.000433
19;19;19;0.000523
19;19;23;0.000615
19;19;29;0.000709
19;19;31;0.000823
19;23;2;0.000075
19;23;4;0.000139
19;23;8;0.000255
19;23;16;0.000586
19;23;32;0.001049
19;23;3;0.000115
19;23;5;0.000180
19;23;7;0.000214
19;23;11;0.000332
19;23;13;0.000343
19;23;17;0.000464
19;23;19;0.000528
19;23;23;0.000676
19;23;29;0.000877
19;23;31;0.000956
19;29;2;0.009885
19;29;4;0.000149
19;29;8;0.000324
19;29;16;0.000567
19;29;32;0.001046
19;29;3;0.000116
19;29;5;0.000147
19;29;7;0.000213
19;29;11;0.000312
19;29;13;0.000375
19;29;17;0.000723
19;29;19;0.000532
19;29;23;0.000619
19;29;29;0.000801
19;29;31;0.000812
19;31;2;0.000220
19;31;4;0.000271
19;31;8;0.000215
19;31;16;0.000418
19;31;32;0.000900
19;31;3;0.000119
19;31;5;0.000156
19;31;7;0.000243
19;31;11;0.000360
19;31;13;0.000376
19;31;17;0.000452
19;31;19;0.000533
19;31;23;0.000639
19;31;29;0.000747
19;31;31;0.000822
19;37;2;0.000082
19;37;4;0.000138
19;37;8;0.000248
19;37;16;0.000505
19;37;32;0.000956
19;37;3;0.000110
19;37;5;0.000166
19;37;7;0.000249
19;37;11;0.000294
19;37;13;0.000354
19;37;17;0.000571
19;37;19;0.000497
19;37;23;0.000638
19;37;29;0.000734
19;37;31;0.000883
19;41;2;0.007198
19;41;4;0.000144
19;41;8;0.000238
19;41;16;0.000423
19;41;32;0.000875
19;41;3;0.000107
19;41;5;0.000201
19;41;7;0.000277
19;41;11;0.000442
19;41;13;0.000503
19;41;17;0.000935
19;41;19;0.000726
19;41;23;0.000782
19;41;29;0.000990
19;41;31;0.001062
19;43;2;0.010645
19;43;4;0.000135
19;43;8;0.000241
19;43;16;0.000453
19;43;32;0.000826
19;43;3;0.000118
19;43;5;0.000160
19;43;7;0.000195
19;43;11;0.000287
19;43;13;0.000350
19;43;17;0.003843
19;43;19;0.000559
19;43;23;0.000655
19;43;29;0.000787
19;43;31;0.000789
19;47;2;0.003750
19;47;4;0.000158
19;47;8;0.000215
19;47;16;0.000507
19;47;32;0.001983
19;47;3;0.000133
19;47;5;0.000187
19;47;7;0.000222
19;47;11;0.000334
19;47;13;0.000378
19;47;17;0.000475
19;47;19;0.000505
19;47;23;0.000632
19;47;29;0.000729
19;47;31;0.000839
19;53;2;0.012790
19;53;4;0.000148
19;53;8;0.000246
19;53;16;0.000427
19;53;32;0.001138
19;53;3;0.000123
19;53;5;0.000159
19;53;7;0.000205
19;53;11;0.000309
19;53;13;0.000375
19;53;17;0.000541
19;53;19;0.000515
19;53;23;0.000618
19;53;29;0.000810
19;53;31;0.000813
19;59;2;0.000367
19;59;4;0.000177
19;59;8;0.000287
19;59;16;0.000509
19;59;32;0.001356
19;59;3;0.000156
19;59;5;0.000214
19;59;7;0.000325
19;59;11;0.000344
19;59;13;0.000360
19;59;17;0.000486
19;59;19;0.000580
19;59;23;0.000632
19;59;29;0.000839
19;59;31;0.000909
19;61;2;0.001078
19;61;4;0.000190
19;61;8;0.000314
19;61;16;0.000770
19;61;32;0.001379
19;61;3;0.000185
19;61;5;0.000236
19;61;7;0.000454
19;61;11;0.000561
19;61;13;0.000669
19;61;17;0.000906
19;61;19;0.000990
19;61;23;0.001126
19;61;29;0.001379
19;61;31;0.001366
19;67;2;0.012654
19;67;4;0.000182
19;67;8;0.000235
19;67;16;0.000474
19;67;32;0.001010
19;67;3;0.000133
19;67;5;0.000198
19;67;7;0.000256
19;67;11;0.000363
19;67;13;0.000389
19;67;17;0.000498
19;67;19;0.000561
19;67;23;0.000673
19;67;29;0.000773
19;67;31;0.001699
23;16;2;0.009715
23;16;4;0.000170
23;16;8;0.000305
23;16;16;0.000639
23;16;32;0.001443
23;16;3;0.000128
23;16;5;0.000215
23;16;7;0.000437
23;16;11;0.000423
23;16;13;0.000503
23;16;17;0.000487
23;16;19;0.001706
23;16;23;0.000668
23;16;29;0.000784
23;16;31;0.000858
23;32;2;0.000083
23;32;4;0.000156
23;32;8;0.000256
23;32;16;0.000507
23;32;32;0.000914
23;32;3;0.000114
23;32;5;0.000189
23;32;7;0.000261
23;32;11;0.000430
23;32;13;0.000351
23;32;17;0.000471
23;32;19;0.000511
23;32;23;0.000638
23;32;29;0.000986
23;32;31;0.001221
23;64;2;0.007158
23;64;4;0.000200
23;64;8;0.000383
23;64;16;0.000578
23;64;32;0.001284
23;64;3;0.000141
23;64;5;0.000229
23;64;7;0.000289
23;64;11;0.000467
23;64;13;0.000532
23;64;17;0.000655
23;64;19;0.000559
23;64;23;0.000681
23;64;29;0.000777
23;64;31;0.001011
23;11;2;0.000074
23;11;4;0.000128
23;11;8;0.000220
23;11;16;0.000721
23;11;32;0.000929
23;11;3;0.000086
23;11;5;0.000138
23;11;7;0.000228
23;11;11;0.000312
23;11;13;0.000438
23;11;17;0.000647
23;11;19;0.000587
23;11;23;0.000697
23;11;29;0.001238
23;11;31;0.001196
23;13;2;0.008573
23;13;4;0.000158
23;13;8;0.000244
23;13;16;0.000437
23;13;32;0.000979
23;13;3;0.000094
23;13;5;0.000154
23;13;7;0.000216
23;13;11;0.000330
23;13;13;0.000476
23;13;17;0.000433
23;13;19;0.000542
23;13;23;0.000600
23;13;29;0.000755
23;13;31;0.000999
23;17;2;0.000076
23;17;4;0.000226
23;17;8;0.000249
23;17;16;0.000460
23;17;32;0.005596
23;17;3;0.000104
23;17;5;0.000162
23;17;7;0.000220
23;17;11;0.000290
23;17;13;0.000409
23;17;17;0.000490
23;17;19;0.000616
23;17;23;0.000689
23;17;29;0.000973
23;17;31;0.000977
23;19;2;0.003726
23;19;4;0.000128
23;19;8;0.000247
23;19;16;0.000456
23;19;32;0.000889
23;19;3;0.000114
23;19;5;0.000175
23;19;7;0.000197
23;19;11;0.000297
23;19;13;0.000392
23;19;17;0.000549
23;19;19;0.000548
23;19;23;0.000657
23;19;29;0.000980
23;19;31;0.000828
23;23;2;0.000334
23;23;4;0.000162
23;23;8;0.000396
23;23;16;0.000523
23;23;32;0.000943
23;23;3;0.000105
23;23;5;0.000169
23;23;7;0.000258
23;23;11;0.000362
23;23;13;0.000389
23;23;17;0.000457
23;23;19;0.000552
23;23;23;0.000735
23;23;29;0.000810
23;23;31;0.000853
23;29;2;0.017268
23;29;4;0.000142
23;29;8;0.000231
23;29;16;0.000462
23;29;32;0.000842
23;29;3;0.000115
23;29;5;0.000168
23;29;7;0.000209
23;29;11;0.000329
23;29;13;0.000392
23;29;17;0.000479
23;29;19;0.000662
23;29;23;0.000646
23;29;29;0.000736
23;29;31;0.000871
23;31;2;0.000094
23;31;4;0.000175
23;31;8;0.000269
23;31;16;0.000595
23;31;32;0.001048
23;31;3;0.000129
23;31;5;0.000195
23;31;7;0.000267
23;31;11;0.000368
23;31;13;0.000424
23;31;17;0.000524
23;31;19;0.000573
23;31;23;0.000736
23;31;29;0.000925
23;31;31;0.001057
23;37;2;0.001637
23;37;4;0.000171
23;37;8;0.000245
23;37;16;0.000419
23;37;32;0.000790
23;37;3;0.000110
23;37;5;0.000150
23;37;7;0.000260
23;37;11;0.000376
23;37;13;0.000364
23;37;17;0.000470
23;37;19;0.000534
23;37;23;0.000651
23;37;29;0.000751
23;37;31;0.000802
23;41;2;0.000086
23;41;4;0.000163
23;41;8;0.000264
23;41;16;0.000474
23;41;32;0.001086
23;41;3;0.000147
23;41;5;0.000198
23;41;7;0.000351
23;41;11;0.000403
23;41;13;0.000388
23;41;17;0.000428
23;41;19;0.000524
23;41;23;0.000689
23;41;29;0.001962
23;41;31;0.000831
23;43;2;0.000099
23;43;4;0.000143
23;43;8;0.000276
23;43;16;0.000532
23;43;32;0.001073
23;43;3;0.000126
23;43;5;0.000173
23;43;7;0.000214
23;43;11;0.000321
23;43;13;0.000365
23;43;17;0.000485
23;43;19;0.000508
23;43;23;0.000700
23;43;29;0.000846
23;43;31;0.001045
23;47;2;0.008123
23;47;4;0.000155
23;47;8;0.000237
23;47;16;0.000426
23;47;32;0.000820
23;47;3;0.000118
23;47;5;0.000152
23;47;7;0.000262
23;47;11;0.000369
23;47;13;0.000450
23;47;17;0.000616
23;47;19;0.000777
23;47;23;0.000684
23;47;29;0.000847
23;47;31;0.000836
23;53;2;0.000112
23;53;4;0.000163
23;53;8;0.000290
23;53;16;0.000524
23;53;32;0.001213
23;53;3;0.000164
23;53;5;0.000227
23;53;7;0.000223
23;53;11;0.000331
23;53;13;0.000405
23;53;17;0.000451
23;53;19;0.000507
23;53;23;0.000614
23;53;29;0.000746
23;53;31;0.000937
23;59;2;0.008447
23;59;4;0.000146
23;59;8;0.000241
23;59;16;0.000544
23;59;32;0.000929
23;59;3;0.000136
23;59;5;0.000203
23;59;7;0.000241
23;59;11;0.000351
23;59;13;0.000619
23;59;17;0.000665
23;59;19;0.000737
23;59;23;0.000902
23;59;29;0.000976
23;59;31;0.001074
23;61;2;0.000109
23;61;4;0.000170
23;61;8;0.000300
23;61;16;0.000604
23;61;32;0.001227
23;61;3;0.000139
23;61;5;0.000197
23;61;7;0.000274
23;61;11;0.000392
23;61;13;0.000507
23;61;17;0.000589
23;61;19;0.000542
23;61;23;0.000749
23;61;29;0.000756
23;61;31;0.000846
23;67;2;0.008691
23;67;4;0.000160
23;67;8;0.000265
23;67;16;0.000452
23;67;32;0.000920
23;67;3;0.000122
23;67;5;0.001005
23;67;7;0.000318
23;67;11;0.000340
23;67;13;0.000440
23;67;17;0.000569
23;67;19;0.000739
23;67;23;0.000670
23;67;29;0.000814
23;67;31;0.001430
29;16;2;0.000078
29;16;4;0.000153
29;16;8;0.000252
29;16;16;0.000572
29;16;32;0.001242
29;16;3;0.000137
29;16;5;0.000206
29;16;7;0.000227
29;16;11;0.000501
29;16;13;0.000375
29;16;17;0.000449
29;16;19;0.000521
29;16;23;0.000627
29;16;29;0.000943
29;16;31;0.000750
29;32;2;0.008741
29;32;4;0.000195
29;32;8;0.000424
29;32;16;0.000529
29;32;32;0.000978
29;32;3;0.000233
29;32;5;0.000195
29;32;7;0.000275
29;32;11;0.000435
29;32;13;0.000514
29;32;17;0.000665
29;32;19;0.000547
29;32;23;0.000660
29;32;29;0.000738
29;32;31;0.000844
29;64;2;0.000119
29;64;4;0.000165
29;64;8;0.000255
29;64;16;0.000456
29;64;32;0.000847
29;64;3;0.000154
29;64;5;0.000210
29;64;7;0.000284
29;64;11;0.000356
29;64;13;0.000419
29;64;17;0.000586
29;64;19;0.000590
29;64;23;0.000672
29;64;29;0.001164
29;64;31;0.001278
29;11;2;0.004549
29;11;4;0.000139
29;11;8;0.000248
29;11;16;0.000413
29;11;32;0.000834
29;11;3;0.000094
29;11;5;0.000158
29;11;7;0.000186
29;11;11;0.000313
29;11;13;0.000333
29;11;17;0.000487
29;11;19;0.000592
29;11;23;0.000731
29;11;29;0.000899
29;11;31;0.000807
29;13;2;0.000100
29;13;4;0.000143
29;13;8;0.000239
29;13;16;0.000741
29;13;32;0.001603
29;13;3;0.000124
29;13;5;0.000204
29;13;7;0.000280
29;13;11;0.000429
29;13;13;0.000506
29;13;17;0.000618
29;13;19;0.000655
29;13;23;0.000942
29;13;29;0.001238
29;13;31;0.001168
29;17;2;0.005581
29;17;4;0.000144
29;17;8;0.000251
29;17;16;0.000667
29;17;32;0.000849
29;17;3;0.000099
29;17;5;0.000175
29;17;7;0.000193
29;17;11;0.000314
29;17;13;0.000367
29;17;17;0.000563
29;17;19;0.000588
29;17;23;0.000771
29;17;29;0.001026
29;17;31;0.000886
29;19;2;0.000086
29;19;4;0.000151
29;19;8;0.000241
29;19;16;0.000600
29;19;32;0.001264
29;19;3;0.000153
29;19;5;0.000151
29;19;7;0.000251
29;19;11;0.000321
29;19;13;0.000379
29;19;17;0.000445
29;19;19;0.000522
29;19;23;0.001182
29;19;29;0.000844
29;19;31;0.000987
29;23;2;0.007608
29;23;4;0.000135
29;23;8;0.000224
29;23;16;0.000439
29;23;32;0.000966
29;23;3;0.000107
29;23;5;0.000141
29;23;7;0.000227
29;23;11;0.000331
29;23;13;0.000438
29;23;17;0.000587
29;23;19;0.000688
29;23;23;0.000673
29;23;29;0.000757
29;23;31;0.000894
29;29;2;0.000088
29;29;4;0.000161
29;29;8;0.000253
29;29;16;0.000435
29;29;32;0.000841
29;29;3;0.003699
29;29;5;0.000178
29;29;7;0.000320
29;29;11;0.000355
29;29;13;0.000361
29;29;17;0.000567
29;29;19;0.000499
29;29;23;0.000824
29;29;29;0.000893
29;29;31;0.000772
29;31;2;0.016490
29;31;4;0.000149
29;31;8;0.000441
29;31;16;0.000427
29;31;32;0.000863
29;31;3;0.000123
29;31;5;0.000173
29;31;7;0.000211
29;31;11;0.000339
29;31;13;0.000398
29;31;17;0.000539
29;31;19;0.000603
29;31;23;0.000644
29;31;29;0.000766
29;31;31;0.000993
29;37;2;0.000108
29;37;4;0.000152
29;37;8;0.000300
29;37;16;0.000557
29;37;32;0.001131
29;37;3;0.000145
29;37;5;0.000189
29;37;7;0.000227
29;37;11;0.000330
29;37;13;0.000380
29;37;17;0.000510
29;37;19;0.000529
29;37;23;0.000661
29;37;29;0.000930
29;37;31;0.000967
29;41;2;0.006106
29;41;4;0.000147
29;41;8;0.000233
29;41;16;0.000439
29;41;32;0.000843
29;41;3;0.000134
29;41;5;0.000207
29;41;7;0.000309
29;41;11;0.000353
29;41;13;0.000408
29;41;17;0.000553
29;41;19;0.000630
29;41;23;0.000783
29;41;29;0.000840
29;41;31;0.000889
29;43;2;0.000110
29;43;4;0.000170
29;43;8;0.000249
29;43;16;0.000799
29;43;32;0.000950
29;43;3;0.000127
29;43;5;0.000203
29;43;7;0.000245
29;43;11;0.000367
29;43;13;0.000387
29;43;17;0.000533
29;43;19;0.000522
29;43;23;0.000649
29;43;29;0.000911
29;43;31;0.001238
29;47;2;0.000106
29;47;4;0.000169
29;47;8;0.000256
29;47;16;0.000523
29;47;32;0.000961
29;47;3;0.000136
29;47;5;0.000188
29;47;7;0.000219
29;47;11;0.000345
29;47;13;0.000368
29;47;17;0.000461
29;47;19;0.000507
29;47;23;0.000727
29;47;29;0.000973
29;47;31;0.000994
29;53;2;0.001996
29;53;4;0.000174
29;53;8;0.000265
29;53;16;0.000444
29;53;32;0.000842
29;53;3;0.000146
29;53;5;0.000210
29;53;7;0.000256
29;53;11;0.000362
29;53;13;0.000544
29;53;17;0.000786
29;53;19;0.000735
29;53;23;0.000925
29;53;29;0.000794
29;53;31;0.000941
29;59;2;0.000123
29;59;4;0.000169
29;59;8;0.000309
29;59;16;0.000544
29;59;32;0.000976
29;59;3;0.000132
29;59;5;0.000183
29;59;7;0.000244
29;59;11;0.000961
29;59;13;0.000441
29;59;17;0.000495
29;59;19;0.000542
29;59;23;0.000638
29;59;29;0.000867
29;59;31;0.000800
29;61;2;0.012193
29;61;4;0.000158
29;61;8;0.000270
29;61;16;0.000431
29;61;32;0.001756
29;61;3;0.000155
29;61;5;0.000218
29;61;7;0.000270
29;61;11;0.000669
29;61;13;0.000576
29;61;17;0.000694
29;61;19;0.000784
29;61;23;0.001117
29;61;29;0.001138
29;61;31;0.001096
29;67;2;0.011457
29;67;4;0.000156
29;67;8;0.000274
29;67;16;0.000480
29;67;32;0.000884
29;67;3;0.000155
29;67;5;0.000197
29;67;7;0.000259
29;67;11;0.000404
29;67;13;0.000467
29;67;17;0.000692
29;67;19;0.000741
29;67;23;0.000611
29;67;29;0.000791
29;67;31;0.000856
31;16;2;0.010468
31;16;4;0.000141
31;16;8;0.000224
31;16;16;0.000471
31;16;32;0.000879
31;16;3;0.000122
31;16;5;0.000215
31;16;7;0.000220
31;16;11;0.000283
31;16;13;0.000342
31;16;17;0.000551
31;16;19;0.000711
31;16;23;0.000717
31;16;29;0.000905
31;16;31;0.001037
31;32;2;0.000074
31;32;4;0.000160
31;32;8;0.000246
31;32;16;0.000453
31;32;32;0.001725
31;32;3;0.000110
31;32;5;0.000195
31;32;7;0.000259
31;32;11;0.000387
31;32;13;0.000483
31;32;17;0.000534
31;32;19;0.000582
31;32;23;0.000711
31;32;29;0.000902
31;32;31;0.001016
31;64;2;0.000138
31;64;4;0.000178
31;64;8;0.000368
31;64;16;0.000653
31;64;32;0.001286
31;64;3;0.000133
31;64;5;0.000193
31;64;7;0.000235
31;64;11;0.000321
31;64;13;0.000410
31;64;17;0.000491
31;64;19;0.000520
31;64;23;0.000844
31;64;29;0.000745
31;64;31;0.000906
31;11;2;0.009036
31;11;4;0.000145
31;11;8;0.000341
31;11;16;0.000529
31;11;32;0.000996
31;11;3;0.000097
31;11;5;0.000131
31;11;7;0.000171
31;11;11;0.000314
31;11;13;0.000397
31;11;17;0.000514
31;11;19;0.000588
31;11;23;0.000712
31;11;29;0.001704
31;11;31;0.001102
31;13;2;0.000100
31;13;4;0.000165
31;13;8;0.000307
31;13;16;0.000596
31;13;32;0.001201
31;13;3;0.000095
31;13;5;0.000141
31;13;7;0.000194
31;13;11;0.000311
31;13;13;0.000346
31;13;17;0.000428
31;13;19;0.000578
31;13;23;0.007409
31;13;29;0.001216
31;13;31;0.001100
31;17;2;0.000105
31;17;4;0.000180
31;17;8;0.000330
31;17;16;0.000586
31;17;32;0.001305
31;17;3;0.000135
31;17;5;0.000199
31;17;7;0.000276
31;17;11;0.000326
31;17;13;0.000402
31;17;17;0.000466
31;17;19;0.000503
31;17;23;0.000634
31;17;29;0.000751
31;17;31;0.000821
31;19;2;0.006815
31;19;4;0.000141
31;19;8;0.000467
31;19;16;0.000468
31;19;32;0.000829
31;19;3;0.000126
31;19;5;0.000145
31;19;7;0.000198
31;19;11;0.000329
31;19;13;0.000375
31;19;17;0.004121
31;19;19;0.000938
31;19;23;0.000945
31;19;29;0.000783
31;19;31;0.000771
31;23;2;0.002444
31;23;4;0.000179
31;23;8;0.000325
31;23;16;0.001311
31;23;32;0.001373
31;23;3;0.000203
31;23;5;0.000214
31;23;7;0.000280
31;23;11;0.000541
31;23;13;0.000589
31;23;17;0.000646
31;23;19;0.000680
31;23;23;0.000922
31;23;29;0.001105
31;23;31;0.001292
31;29;2;0.001042
31;29;4;0.000162
31;29;8;0.000262
31;29;16;0.000440
31;29;32;0.000781
31;29;3;0.000119
31;29;5;0.000166
31;29;7;0.000212
31;29;11;0.000310
31;29;13;0.000411
31;29;17;0.000554
31;29;19;0.000654
31;29;23;0.000739
31;29;29;0.000846
31;29;31;0.000914
31;31;2;0.000095
31;31;4;0.000159
31;31;8;0.000280
31;31;16;0.000571
31;31;32;0.001230
31;31;3;0.000128
31;31;5;0.000191
31;31;7;0.000206
31;31;11;0.000295
31;31;13;0.000379
31;31;17;0.000602
31;31;19;0.000518
31;31;23;0.000616
31;31;29;0.000748
31;31;31;0.002633
31;37;2;0.006458
31;37;4;0.000199
31;37;8;0.000250
31;37;16;0.000528
31;37;32;0.000864
31;37;3;0.000153
31;37;5;0.000181
31;37;7;0.000214
31;37;11;0.000343
31;37;13;0.000506
31;37;17;0.000496
31;37;19;0.000591
31;37;23;0.000698
31;37;29;0.000789
31;37;31;0.000827
31;41;2;0.000810
31;41;4;0.000171
31;41;8;0.000300
31;41;16;0.000494
31;41;32;0.001342
31;41;3;0.000161
31;41;5;0.000228
31;41;7;0.000309
31;41;11;0.000465
31;41;13;0.000590
31;41;17;0.000631
31;41;19;0.000662
31;41;23;0.000840
31;41;29;0.001158
31;41;31;0.000901
31;43;2;0.002854
31;43;4;0.000159
31;43;8;0.000248
31;43;16;0.000477
31;43;32;0.000840
31;43;3;0.000155
31;43;5;0.000174
31;43;7;0.000406
31;43;11;0.000342
31;43;13;0.000437
31;43;17;0.000600
31;43;19;0.000625
31;43;23;0.000651
31;43;29;0.000856
31;43;31;0.000794
31;47;2;0.000102
31;47;4;0.000170
31;47;8;0.000264
31;47;16;0.000460
31;47;32;0.001034
31;47;3;0.000133
31;47;5;0.000188
31;47;7;0.000272
31;47;11;0.000357
31;47;13;0.000421
31;47;17;0.000533
31;47;19;0.000656
31;47;23;0.000773
31;47;29;0.000912
31;47;31;0.000953
31;53;2;0.017494
31;53;4;0.000176
31;53;8;0.000241
31;53;16;0.000480
31;53;32;0.000980
31;53;3;0.000135
31;53;5;0.000189
31;53;7;0.000237
31;53;11;0.000335
31;53;13;0.000423
31;53;17;0.000461
31;53;19;0.000544
31;53;23;0.000705
31;53;29;0.000719
31;53;31;0.000851
31;59;2;0.000725
31;59;4;0.000168
31;59;8;0.000289
31;59;16;0.000535
31;59;32;0.001101
31;59;3;0.000155
31;59;5;0.000223
31;59;7;0.000243
31;59;11;0.000372
31;59;13;0.000818
31;59;17;0.000667
31;59;19;0.000706
31;59;23;0.000945
31;59;29;0.001153
31;59;31;0.001219
31;61;2;0.000117
31;61;4;0.000174
31;61;8;0.000253
31;61;16;0.000446
31;61;32;0.001105
31;61;3;0.000148
31;61;5;0.000383
31;61;7;0.000250
31;61;11;0.000382
31;61;13;0.000443
31;61;17;0.000553
31;61;19;0.000598
31;61;23;0.000723
31;61;29;0.000977
31;61;31;0.000917
31;67;2;0.000115
31;67;4;0.000155
31;67;8;0.001288
31;67;16;0.000644
31;67;32;0.001255
31;67;3;0.000134
31;67;5;0.000203
31;67;7;0.000246
31;67;11;0.000371
31;67;13;0.000381
31;67;17;0.000510
31;67;19;0.000517
31;67;23;0.000687
31;67;29;0.000756
31;67;31;0.000885
37;16;2;0.000079
37;16;4;0.000140
37;16;8;0.000237
37;16;16;0.000465
37;16;32;0.000889
37;16;3;0.000110
37;16;5;0.000162
37;16;7;0.000185
37;16;11;0.000330
37;16;13;0.000453
37;16;17;0.000558
37;16;19;0.000620
37;16;23;0.000666
37;16;29;0.000738
37;16;31;0.000786
37;32;2;0.000084
37;32;4;0.000158
37;32;8;0.000282
37;32;16;0.000537
37;32;32;0.001057
37;32;3;0.000139
37;32;5;0.000198
37;32;7;0.000217
37;32;11;0.000329
37;32;13;0.000428
37;32;17;0.000488
37;32;19;0.000541
37;32;23;0.000660
37;32;29;0.000758
37;32;31;0.000821
37;64;2;0.000162
37;64;4;0.000181
37;64;8;0.000305
37;64;16;0.000536
37;64;32;0.001142
37;64;3;0.000134
37;64;5;0.000828
37;64;7;0.000246
37;64;11;0.000334
37;64;13;0.000410
37;64;17;0.000468
37;64;19;0.000614
37;64;23;0.000722
37;64;29;0.001029
37;64;31;0.001019
37;11;2;0.000078
37;11;4;0.000134
37;11;8;0.000414
37;11;16;0.000433
37;11;32;0.000921
37;11;3;0.000134
37;11;5;0.000151
37;11;7;0.000191
37;11;11;0.000309
37;11;13;0.000402
37;11;17;0.000531
37;11;19;0.000547
37;11;23;0.000688
37;11;29;0.000770
37;11;31;0.000826
37;13;2;0.000079
37;13;4;0.000132
37;13;8;0.000209
37;13;16;0.000415
37;13;32;0.000850
37;13;3;0.000115
37;13;5;0.000158
37;13;7;0.000216
37;13;11;0.000336
37;13;13;0.000358
37;13;17;0.000504
37;13;19;0.000657
37;13;23;0.000640
37;13;29;0.000766
37;13;31;0.000923
37;17;2;0.000094
37;17;4;0.000159
37;17;8;0.000276
37;17;16;0.000504
37;17;32;0.000956
37;17;3;0.000122
37;17;5;0.000313
37;17;7;0.000258
37;17;11;0.000394
37;17;13;0.000687
37;17;17;0.000803
37;17;19;0.000945
37;17;23;0.001082
37;17;29;0.000798
37;17;31;0.000833
37;19;2;0.000086
37;19;4;0.000146
37;19;8;0.000240
37;19;16;0.000447
37;19;32;0.000816
37;19;3;0.000106
37;19;5;0.000156
37;19;7;0.000216
37;19;11;0.000322
37;19;13;0.000379
37;19;17;0.000421
37;19;19;0.000522
37;19;23;0.000620
37;19;29;0.001455
37;19;31;0.000795
37;23;2;0.000078
37;23;4;0.001058
37;23;8;0.000322
37;23;16;0.000715
37;23;32;0.001212
37;23;3;0.000116
37;23;5;0.000158
37;23;7;0.000229
37;23;11;0.000324
37;23;13;0.000360
37;23;17;0.000455
37;23;19;0.000515
37;23;23;0.000622
37;23;29;0.000881
37;23;31;0.001099
37;29;2;0.001639
37;29;4;0.000128
37;29;8;0.000209
37;29;16;0.000583
37;29;32;0.000834
37;29;3;0.000120
37;29;5;0.000166
37;29;7;0.000217
37;29;11;0.000312
37;29;13;0.000451
37;29;17;0.000512
37;29;19;0.000603
37;29;23;0.000728
37;29;29;0.000960
37;29;31;0.001005
37;31;2;0.000129
37;31;4;0.000188
37;31;8;0.000339
37;31;16;0.000601
37;31;32;0.001225
37;31;3;0.000158
37;31;5;0.000231
37;31;7;0.000303
37;31;11;0.000306
37;31;13;0.000383
37;31;17;0.000468
37;31;19;0.000473
37;31;23;0.000579
37;31;29;0.000982
37;31;31;0.000820
37;37;2;0.011932
37;37;4;0.000168
37;37;8;0.000249
37;37;16;0.000503
37;37;32;0.000869
37;37;3;0.000123
37;37;5;0.000166
37;37;7;0.000233
37;37;11;0.000430
37;37;13;0.000556
37;37;17;0.000491
37;37;19;0.000577
37;37;23;0.000973
37;37;29;0.000741
37;37;31;0.000836
37;41;2;0.000104
37;41;4;0.000201
37;41;8;0.000255
37;41;16;0.000483
37;41;32;0.001062
37;41;3;0.000138
37;41;5;0.000185
37;41;7;0.000229
37;41;11;0.000328
37;41;13;0.000374
37;41;17;0.000504
37;41;19;0.000590
37;41;23;0.000616
37;41;29;0.000823
37;41;31;0.000757
37;43;2;0.000111
37;43;4;0.000147
37;43;8;0.000304
37;43;16;0.000684
37;43;32;0.001068
37;43;3;0.000126
37;43;5;0.000206
37;43;7;0.000232
37;43;11;0.000590
37;43;13;0.000398
37;43;17;0.000503
37;43;19;0.000533
37;43;23;0.000591
37;43;29;0.000849
37;43;31;0.000947
37;47;2;0.007681
37;47;4;0.000144
37;47;8;0.000251
37;47;16;0.000462
37;47;32;0.000894
37;47;3;0.000123
37;47;5;0.000187
37;47;7;0.000242
37;47;11;0.000386
37;47;13;0.000550
37;47;17;0.000569
37;47;19;0.000548
37;47;23;0.000899
37;47;29;0.000722
37;47;31;0.000899
37;53;2;0.000701
37;53;4;0.000205
37;53;8;0.000296
37;53;16;0.002334
37;53;32;0.001075
37;53;3;0.000179
37;53;5;0.000264
37;53;7;0.000486
37;53;11;0.000354
37;53;13;0.000413
37;53;17;0.000488
37;53;19;0.000617
37;53;23;0.000706
37;53;29;0.000779
37;53;31;0.004107
37;59;2;0.000110
37;59;4;0.000154
37;59;8;0.000275
37;59;16;0.000451
37;59;32;0.000882
37;59;3;0.000156
37;59;5;0.000206
37;59;7;0.000282
37;59;11;0.000398
37;59;13;0.000451
37;59;17;0.003901
37;59;19;0.000631
37;59;23;0.000876
37;59;29;0.000845
37;59;31;0.000847
37;61;2;0.000127
37;61;4;0.000166
37;61;8;0.000275
37;61;16;0.000497
37;61;32;0.000907
37;61;3;0.000134
37;61;5;0.000300
37;61;7;0.000293
37;61;11;0.000352
37;61;13;0.000432
37;61;17;0.000503
37;61;19;0.000540
37;61;23;0.000730
37;61;29;0.001286
37;61;31;0.000919
37;67;2;0.000169
37;67;4;0.000346
37;67;8;0.000364
37;67;16;0.000629
37;67;32;0.000931
37;67;3;0.000142
37;67;5;0.000237
37;67;7;0.000267
37;67;11;0.000341
37;67;13;0.000379
37;67;17;0.000447
37;67;19;0.000582
37;67;23;0.000729
37;67;29;0.000944
37;67;31;0.000966
41;16;2;0.000081
41;16;4;0.000136
41;16;8;0.000223
41;16;16;0.000425
41;16;32;0.000824
41;16;3;0.000123
41;16;5;0.000182
41;16;7;0.000248
41;16;11;0.000333
41;16;13;0.000378
41;16;17;0.000495
41;16;19;0.000503
41;16;23;0.000613
41;16;29;0.000924
41;16;31;0.000836
41;32;2;0.000095
41;32;4;0.000275
41;32;8;0.000279
41;32;16;0.000541
41;32;32;0.001101
41;32;3;0.000152
41;32;5;0.000194
41;32;7;0.000259
41;32;11;0.000504
41;32;13;0.000414
41;32;17;0.000531
41;32;19;0.000654
41;32;23;0.000720
41;32;29;0.001530
41;32;31;0.001018
41;64;2;0.000274
41;64;4;0.000160
41;64;8;0.000243
41;64;16;0.000549
41;64;32;0.000958
41;64;3;0.000164
41;64;5;0.000204
41;64;7;0.000259
41;64;11;0.000365
41;64;13;0.000390
41;64;17;0.000700
41;64;19;0.000803
41;64;23;0.000933
41;64;29;0.000915
41;64;31;0.001141
41;11;2;0.000077
41;11;4;0.000136
41;11;8;0.000226
41;11;16;0.000422
41;11;32;0.000827
41;11;3;0.000115
41;11;5;0.000178
41;11;7;0.000239
41;11;11;0.000377
41;11;13;0.000540
41;11;17;0.000563
41;11;19;0.000594
41;11;23;0.001174
41;11;29;0.000830
41;11;31;0.000896
41;13;2;0.017033
41;13;4;0.000161
41;13;8;0.000230
41;13;16;0.000448
41;13;32;0.000877
41;13;3;0.000107
41;13;5;0.000170
41;13;7;0.000222
41;13;11;0.000330
41;13;13;0.000365
41;13;17;0.000499
41;13;19;0.000490
41;13;23;0.000708
41;13;29;0.001084
41;13;31;0.000889
41;17;2;0.000096
41;17;4;0.000235
41;17;8;0.000325
41;17;16;0.000621
41;17;32;0.000940
41;17;3;0.000129
41;17;5;0.000146
41;17;7;0.000187
41;17;11;0.000323
41;17;13;0.000572
41;17;17;0.000459
41;17;19;0.000515
41;17;23;0.000622
41;17;29;0.000768
41;17;31;0.000878
41;19;2;0.000083
41;19;4;0.000165
41;19;8;0.000290
41;19;16;0.000420
41;19;32;0.001019
41;19;3;0.000106
41;19;5;0.000186
41;19;7;0.000302
41;19;11;0.000378
41;19;13;0.000421
41;19;17;0.000540
41;19;19;0.000537
41;19;23;0.000665
41;19;29;0.000926
41;19;31;0.000804
41;23;2;0.000236
41;23;4;0.000193
41;23;8;0.000261
41;23;16;0.000562
41;23;32;0.001245
41;23;3;0.000152
41;23;5;0.000227
41;23;7;0.000361
41;23;11;0.000304
41;23;13;0.000486
41;23;17;0.000450
41;23;19;0.000532
41;23;23;0.000702
41;23;29;0.000881
41;23;31;0.000909
41;29;2;0.004246
41;29;4;0.000162
41;29;8;0.000267
41;29;16;0.000439
41;29;32;0.001076
41;29;3;0.000168
41;29;5;0.000187
41;29;7;0.000213
41;29;11;0.000309
41;29;13;0.000357
41;29;17;0.000531
41;29;19;0.000606
41;29;23;0.000730
41;29;29;0.000941
41;29;31;0.000918
41;31;2;0.000116
41;31;4;0.000135
41;31;8;0.000255
41;31;16;0.000520
41;31;32;0.000858
41;31;3;0.000120
41;31;5;0.000176
41;31;7;0.000222
41;31;11;0.000371
41;31;13;0.000801
41;31;17;0.000498
41;31;19;0.000503
41;31;23;0.000616
41;31;29;0.000766
41;31;31;0.000832
41;37;2;0.000339
41;37;4;0.000191
41;37;8;0.000281
41;37;16;0.000550
41;37;32;0.000949
41;37;3;0.000131
41;37;5;0.000185
41;37;7;0.000250
41;37;11;0.000439
41;37;13;0.000734
41;37;17;0.000607
41;37;19;0.000832
41;37;23;0.000680
41;37;29;0.000820
41;37;31;0.001018
41;41;2;0.000106
41;41;4;0.000157
41;41;8;0.000255
41;41;16;0.000481
41;41;32;0.000858
41;41;3;0.000128
41;41;5;0.000206
41;41;7;0.000227
41;41;11;0.000392
41;41;13;0.000454
41;41;17;0.000601
41;41;19;0.000557
41;41;23;0.000610
41;41;29;0.001041
41;41;31;0.000852
41;43;2;0.000112
41;43;4;0.000160
41;43;8;0.000270
41;43;16;0.000470
41;43;32;0.001778
41;43;3;0.000146
41;43;5;0.000211
41;43;7;0.000255
41;43;11;0.000409
41;43;13;0.000399
41;43;17;0.000706
41;43;19;0.000531
41;43;23;0.000599
41;43;29;0.000928
41;43;31;0.000949
41;47;2;0.008292
41;47;4;0.000190
41;47;8;0.000300
41;47;16;0.000517
41;47;32;0.000838
41;47;3;0.000139
41;47;5;0.000172
41;47;7;0.000257
41;47;11;0.000356
41;47;13;0.000497
41;47;17;0.000835
41;47;19;0.000764
41;47;23;0.000898
41;47;29;0.000852
41;47;31;0.000852
41;53;2;0.000124
41;53;4;0.000233
41;53;8;0.000272
41;53;16;0.000508
41;53;32;0.000886
41;53;3;0.000133
41;53;5;0.000180
41;53;7;0.000238
41;53;11;0.000467
41;53;13;0.000402
41;53;17;0.000576
41;53;19;0.000532
41;53;23;0.000737
41;53;29;0.000973
41;53;31;0.001143
41;59;2;0.000180
41;59;4;0.000245
41;59;8;0.000436
41;59;16;0.000651
41;59;32;0.001522
41;59;3;0.000235
41;59;5;0.000263
41;59;7;0.000340
41;59;11;0.000443
41;59;13;0.000546
41;59;17;0.000666
41;59;19;0.000804
41;59;23;0.000933
41;59;29;0.001129
41;59;31;0.001286
41;61;2;0.000134
41;61;4;0.000173
41;61;8;0.000262
41;61;16;0.000493
41;61;32;0.001092
41;61;3;0.000130
41;61;5;0.000202
41;61;7;0.000248
41;61;11;0.000330
41;61;13;0.000429
41;61;17;0.001219
41;61;19;0.000556
41;61;23;0.000636
41;61;29;0.000935
41;61;31;0.001321
41;67;2;0.000163
41;67;4;0.000218
41;67;8;0.000372
41;67;16;0.000637
41;67;32;0.001265
41;67;3;0.000382
41;67;5;0.000183
41;67;7;0.000278
41;67;11;0.000939
41;67;13;0.000380
41;67;17;0.000536
41;67;19;0.000590
41;67;23;0.000680
41;67;29;0.001004
41;67;31;0.001005
43;16;2;0.000097
43;16;4;0.000174
43;16;8;0.000240
43;16;16;0.000443
43;16;32;0.000846
43;16;3;0.000107
43;16;5;0.000155
43;16;7;0.000192
43;16;11;0.000477
43;16;13;0.000444
43;16;17;0.000550
43;16;19;0.000625
43;16;23;0.000588
43;16;29;0.000774
43;16;31;0.000786
43;32;2;0.004044
43;32;4;0.000173
43;32;8;0.000283
43;32;16;0.000520
43;32;32;0.001046
43;32;3;0.000133
43;32;5;0.000214
43;32;7;0.000242
43;32;11;0.000337
43;32;13;0.000357
43;32;17;0.000996
43;32;19;0.000637
43;32;23;0.000811
43;32;29;0.000750
43;32;31;0.000923
43;64;2;0.008317
43;64;4;0.000186
43;64;8;0.000284
43;64;16;0.000473
43;64;32;0.000837
43;64;3;0.000156
43;64;5;0.000613
43;64;7;0.000316
43;64;11;0.000347
43;64;13;0.000418
43;64;17;0.000541
43;64;19;0.000583
43;64;23;0.000790
43;64;29;0.000971
43;64;31;0.000795
43;11;2;0.000228
43;11;4;0.000163
43;11;8;0.000214
43;11;16;0.000476
43;11;32;0.001063
43;11;3;0.000120
43;11;5;0.000182
43;11;7;0.000209
43;11;11;0.000327
43;11;13;0.000421
43;11;17;0.000448
43;11;19;0.000547
43;11;23;0.000592
43;11;29;0.000762
43;11;31;0.000790
43;13;2;0.000081
43;13;4;0.000175
43;13;8;0.000401
43;13;16;0.000608
43;13;32;0.000846
43;13;3;0.000103
43;13;5;0.000165
43;13;7;0.000212
43;13;11;0.000302
43;13;13;0.000397
43;13;17;0.000441
43;13;19;0.000478
43;13;23;0.000710
43;13;29;0.000822
43;13;31;0.001100
43;17;2;0.000077
43;17;4;0.000119
43;17;8;0.000237
43;17;16;0.001210
43;17;32;0.000846
43;17;3;0.000124
43;17;5;0.000179
43;17;7;0.000209
43;17;11;0.000305
43;17;13;0.000392
43;17;17;0.000702
43;17;19;0.000628
43;17;23;0.000725
43;17;29;0.000797
43;17;31;0.000828
43;19;2;0.000088
43;19;4;0.000171
43;19;8;0.000284
43;19;16;0.000599
43;19;32;0.000941
43;19;3;0.000118
43;19;5;0.000486
43;19;7;0.000296
43;19;11;0.000443
43;19;13;0.000499
43;19;17;0.000710
43;19;19;0.000736
43;19;23;0.000843
43;19;29;0.001153
43;19;31;0.001049
43;23;2;0.000129
43;23;4;0.000207
43;23;8;0.000329
43;23;16;0.000659
43;23;32;0.000832
43;23;3;0.000157
43;23;5;0.000179
43;23;7;0.000227
43;23;11;0.000297
43;23;13;0.000434
43;23;17;0.000499
43;23;19;0.000588
43;23;23;0.000619
43;23;29;0.000754
43;23;31;0.000766
43;29;2;0.000106
43;29;4;0.000376
43;29;8;0.000267
43;29;16;0.000651
43;29;32;0.000909
43;29;3;0.000138
43;29;5;0.000232
43;29;7;0.000254
43;29;11;0.000362
43;29;13;0.000375
43;29;17;0.000456
43;29;19;0.000525
43;29;23;0.000615
43;29;29;0.000884
43;29;31;0.000886
43;31;2;0.000120
43;31;4;0.000172
43;31;8;0.000352
43;31;16;0.000633
43;31;32;0.001263
43;31;3;0.000115
43;31;5;0.000179
43;31;7;0.000245
43;31;11;0.000321
43;31;13;0.000388
43;31;17;0.000465
43;31;19;0.000546
43;31;23;0.000681
43;31;29;0.000831
43;31;31;0.001090
43;37;2;0.000098
43;37;4;0.000161
43;37;8;0.000265
43;37;16;0.000457
43;37;32;0.001164
43;37;3;0.000127
43;37;5;0.000178
43;37;7;0.000226
43;37;11;0.000346
43;37;13;0.000378
43;37;17;0.003819
43;37;19;0.000641
43;37;23;0.000741
43;37;29;0.000830
43;37;31;0.000865
43;41;2;0.000115
43;41;4;0.000155
43;41;8;0.000305
43;41;16;0.000780
43;41;32;0.001000
43;41;3;0.000149
43;41;5;0.000209
43;41;7;0.000269
43;41;11;0.000354
43;41;13;0.000437
43;41;17;0.000503
43;41;19;0.000512
43;41;23;0.000614
43;41;29;0.000753
43;41;31;0.001088
43;43;2;0.009822
43;43;4;0.000188
43;43;8;0.000304
43;43;16;0.000428
43;43;32;0.000897
43;43;3;0.000126
43;43;5;0.000212
43;43;7;0.000277
43;43;11;0.000362
43;43;13;0.000493
43;43;17;0.000598
43;43;19;0.000751
43;43;23;0.000943
43;43;29;0.001107
43;43;31;0.001144
43;47;2;0.000167
43;47;4;0.000229
43;47;8;0.000372
43;47;16;0.000684
43;47;32;0.001217
43;47;3;0.000136
43;47;5;0.000194
43;47;7;0.000231
43;47;11;0.000332
43;47;13;0.000386
43;47;17;0.000608
43;47;19;0.000516
43;47;23;0.000600
43;47;29;0.000756
43;47;31;0.000823
43;53;2;0.000142
43;53;4;0.000188
43;53;8;0.000307
43;53;16;0.000567
43;53;32;0.000951
43;53;3;0.000148
43;53;5;0.000353
43;53;7;0.000335
43;53;11;0.000423
43;53;13;0.000518
43;53;17;0.000740
43;53;19;0.000558
43;53;23;0.000648
43;53;29;0.001350
43;53;31;0.000862
43;59;2;0.008802
43;59;4;0.000172
43;59;8;0.000411
43;59;16;0.000481
43;59;32;0.000878
43;59;3;0.000268
43;59;5;0.000175
43;59;7;0.000333
43;59;11;0.000387
43;59;13;0.000401
43;59;17;0.000472
43;59;19;0.000580
43;59;23;0.000677
43;59;29;0.001012
43;59;31;0.001050
43;61;2;0.000151
43;61;4;0.000196
43;61;8;0.000281
43;61;16;0.000474
43;61;32;0.000926
43;61;3;0.000165
43;61;5;0.000196
43;61;7;0.000241
43;61;11;0.000416
43;61;13;0.000458
43;61;17;0.000611
43;61;19;0.000660
43;61;23;0.000703
43;61;29;0.000967
43;61;31;0.000852
43;67;2;0.000157
43;67;4;0.000199
43;67;8;0.000312
43;67;16;0.000517
43;67;32;0.001084
43;67;3;0.000215
43;67;5;0.000228
43;67;7;0.000285
43;67;11;0.000358
43;67;13;0.000402
43;67;17;0.000565
43;67;19;0.000653
43;67;23;0.000691
43;67;29;0.000801
43;67;31;0.000863
47;16;2;0.000086
47;16;4;0.000164
47;16;8;0.000253
47;16;16;0.000465
47;16;32;0.001297
47;16;3;0.000114
47;16;5;0.000192
47;16;7;0.000242
47;16;11;0.000340
47;16;13;0.000407
47;16;17;0.000633
47;16;19;0.000718
47;16;23;0.000841
47;16;29;0.000737
47;16;31;0.000795
47;32;2;0.000103
47;32;4;0.000166
47;32;8;0.000438
47;32;16;0.000515
47;32;32;0.001031
47;32;3;0.000147
47;32;5;0.000202
47;32;7;0.000252
47;32;11;0.000353
47;32;13;0.000578
47;32;17;0.000524
47;32;19;0.000511
47;32;23;0.000820
47;32;29;0.000732
47;32;31;0.000821
47;64;2;0.007374
47;64;4;0.000209
47;64;8;0.000303
47;64;16;0.000457
47;64;32;0.000845
47;64;3;0.000154
47;64;5;0.000215
47;64;7;0.000331
47;64;11;0.000394
47;64;13;0.000445
47;64;17;0.000685
47;64;19;0.000861
47;64;23;0.000766
47;64;29;0.000917
47;64;31;0.001060
47;11;2;0.000081
47;11;4;0.000162
47;11;8;0.000244
47;11;16;0.000408
47;11;32;0.000873
47;11;3;0.000104
47;11;5;0.000203
47;11;7;0.000280
47;11;11;0.000492
47;11;13;0.000379
47;11;17;0.000491
47;11;19;0.000457
47;11;23;0.000616
47;11;29;0.000755
47;11;31;0.001211
47;13;2;0.000092
47;13;4;0.000146
47;13;8;0.000268
47;13;16;0.000552
47;13;32;0.000931
47;13;3;0.000114
47;13;5;0.000148
47;13;7;0.000206
47;13;11;0.000301
47;13;13;0.000356
47;13;17;0.000432
47;13;19;0.000487
47;13;23;0.000703
47;13;29;0.000972
47;13;31;0.000991
47;17;2;0.002782
47;17;4;0.000159
47;17;8;0.000299
47;17;16;0.000484
47;17;32;0.001782
47;17;3;0.000165
47;17;5;0.000223
47;17;7;0.000283
47;17;11;0.000555
47;17;13;0.000657
47;17;17;0.000882
47;17;19;0.000506
47;17;23;0.000703
47;17;29;0.000753
47;17;31;0.000813
47;19;2;0.000110
47;19;4;0.000154
47;19;8;0.000293
47;19;16;0.000541
47;19;32;0.001089
47;19;3;0.000139
47;19;5;0.000194
47;19;7;0.000250
47;19;11;0.000391
47;19;13;0.000419
47;19;17;0.000767
47;19;19;0.000716
47;19;23;0.000910
47;19;29;0.001304
47;19;31;0.001160
47;23;2;0.000102
47;23;4;0.000152
47;23;8;0.000246
47;23;16;0.000451
47;23;32;0.000828
47;23;3;0.000145
47;23;5;0.000195
47;23;7;0.000242
47;23;11;0.000471
47;23;13;0.000446
47;23;17;0.000573
47;23;19;0.000579
47;23;23;0.000760
47;23;29;0.001045
47;23;31;0.000933
47;29;2;0.000120
47;29;4;0.000360
47;29;8;0.000335
47;29;16;0.000625
47;29;32;0.001213
47;29;3;0.000126
47;29;5;0.000184
47;29;7;0.000237
47;29;11;0.000491
47;29;13;0.000377
47;29;17;0.000478
47;29;19;0.000611
47;29;23;0.000635
47;29;29;0.000885
47;29;31;0.000899
47;31;2;0.012481
47;31;4;0.000173
47;31;8;0.000239
47;31;16;0.000473
47;31;32;0.000913
47;31;3;0.000146
47;31;5;0.000200
47;31;7;0.000252
47;31;11;0.000369
47;31;13;0.000423
47;31;17;0.000625
47;31;19;0.000501
47;31;23;0.000661
47;31;29;0.000881
47;31;31;0.000842
47;37;2;0.000103
47;37;4;0.000160
47;37;8;0.000269
47;37;16;0.000566
47;37;32;0.001057
47;37;3;0.000149
47;37;5;0.000196
47;37;7;0.000280
47;37;11;0.000350
47;37;13;0.000447
47;37;17;0.000606
47;37;19;0.000570
47;37;23;0.000956
47;37;29;0.005226
47;37;31;0.001208
47;41;2;0.000149
47;41;4;0.000234
47;41;8;0.000364
47;41;16;0.000649
47;41;32;0.001279
47;41;3;0.000169
47;41;5;0.000307
47;41;7;0.000409
47;41;11;0.000370
47;41;13;0.000374
47;41;17;0.000491
47;41;19;0.000519
47;41;23;0.000647
47;41;29;0.001167
47;41;31;0.000896
47;43;2;0.006679
47;43;4;0.000181
47;43;8;0.000249
47;43;16;0.000494
47;43;32;0.000921
47;43;3;0.000145
47;43;5;0.000205
47;43;7;0.000253
47;43;11;0.000386
47;43;13;0.000406
47;43;17;0.000608
47;43;19;0.000627
47;43;23;0.000852
47;43;29;0.000921
47;43;31;0.000816
47;47;2;0.000125
47;47;4;0.000174
47;47;8;0.000282
47;47;16;0.000575
47;47;32;0.001007
47;47;3;0.000175
47;47;5;0.000216
47;47;7;0.000263
47;47;11;0.000410
47;47;13;0.000465
47;47;17;0.000767
47;47;19;0.000689
47;47;23;0.000731
47;47;29;0.000930
47;47;31;0.001067
47;53;2;0.013640
47;53;4;0.000177
47;53;8;0.000266
47;53;16;0.000456
47;53;32;0.001159
47;53;3;0.000158
47;53;5;0.000235
47;53;7;0.000248
47;53;11;0.000413
47;53;13;0.000426
47;53;17;0.000507
47;53;19;0.000593
47;53;23;0.000652
47;53;29;0.000800
47;53;31;0.000891
47;59;2;0.000136
47;59;4;0.000189
47;59;8;0.000262
47;59;16;0.000539
47;59;32;0.001075
47;59;3;0.000270
47;59;5;0.000234
47;59;7;0.000275
47;59;11;0.000372
47;59;13;0.000447
47;59;17;0.000687
47;59;19;0.000567
47;59;23;0.000730
47;59;29;0.000946
47;59;31;0.001115
47;61;2;0.010277
47;61;4;0.000177
47;61;8;0.000279
47;61;16;0.000439
47;61;32;0.000889
47;61;3;0.000167
47;61;5;0.000195
47;61;7;0.000234
47;61;11;0.003408
47;61;13;0.000408
47;61;17;0.000477
47;61;19;0.000587
47;61;23;0.000719
47;61;29;0.000800
47;61;31;0.001090
47;67;2;0.000168
47;67;4;0.000209
47;67;8;0.000305
47;67;16;0.001776
47;67;32;0.001251
47;67;3;0.000195
47;67;5;0.000284
47;67;7;0.000336
47;67;11;0.000547
47;67;13;0.000434
47;67;17;0.000505
47;67;19;0.000547
47;67;23;0.000776
47;67;29;0.000900
47;67;31;0.001094
53;16;2;0.000081
53;16;4;0.000139
53;16;8;0.000220
53;16;16;0.000440
53;16;32;0.000808
53;16;3;0.000113
53;16;5;0.000168
53;16;7;0.000204
53;16;11;0.000301
53;16;13;0.000348
53;16;17;0.000561
53;16;19;0.000655
53;16;23;0.000760
53;16;29;0.000771
53;16;31;0.000817
53;32;2;0.000097
53;32;4;0.000151
53;32;8;0.000237
53;32;16;0.000620
53;32;32;0.001140
53;32;3;0.000149
53;32;5;0.000210
53;32;7;0.000271
53;32;11;0.000386
53;32;13;0.000535
53;32;17;0.000527
53;32;19;0.000563
53;32;23;0.000631
53;32;29;0.001129
53;32;31;0.000833
53;64;2;0.009881
53;64;4;0.000217
53;64;8;0.000314
53;64;16;0.000570
53;64;32;0.001563
53;64;3;0.000227
53;64;5;0.000320
53;64;7;0.000412
53;64;11;0.000485
53;64;13;0.000713
53;64;17;0.000518
53;64;19;0.000578
53;64;23;0.000727
53;64;29;0.000827
53;64;31;0.000954
53;11;2;0.000084
53;11;4;0.000132
53;11;8;0.000274
53;11;16;0.000668
53;11;32;0.001020
53;11;3;0.000119
53;11;5;0.000246
53;11;7;0.000221
53;11;11;0.000323
53;11;13;0.000334
53;11;17;0.000521
53;11;19;0.000623
53;11;23;0.000677
53;11;29;0.000879
53;11;31;0.001053
53;13;2;0.003431
53;13;4;0.000143
53;13;8;0.000251
53;13;16;0.000441
53;13;32;0.000850
53;13;3;0.000091
53;13;5;0.000186
53;13;7;0.000266
53;13;11;0.000359
53;13;13;0.000394
53;13;17;0.000545
53;13;19;0.000599
53;13;23;0.000770
53;13;29;0.000879
53;13;31;0.000954
53;17;2;0.000107
53;17;4;0.000395
53;17;8;0.000281
53;17;16;0.000496
53;17;32;0.001045
53;17;3;0.000155
53;17;5;0.000229
53;17;7;0.000285
53;17;11;0.000451
53;17;13;0.000380
53;17;17;0.000510
53;17;19;0.000534
53;17;23;0.000615
53;17;29;0.000712
53;17;31;0.000890
53;19;2;0.000095
53;19;4;0.000144
53;19;8;0.000244
53;19;16;0.000468
53;19;32;0.000938
53;19;3;0.000111
53;19;5;0.000176
53;19;7;0.000216
53;19;11;0.000316
53;19;13;0.000368
53;19;17;0.000456
53;19;19;0.000643
53;19;23;0.000674
53;19;29;0.000883
53;19;31;0.001132
53;23;2;0.000093
53;23;4;0.000145
53;23;8;0.000239
53;23;16;0.000429
53;23;32;0.000811
53;23;3;0.000125
53;23;5;0.000201
53;23;7;0.000227
53;23;11;0.000389
53;23;13;0.000430
53;23;17;0.000762
53;23;19;0.000600
53;23;23;0.000741
53;23;29;0.000918
53;23;31;0.000857
53;29;2;0.000105
53;29;4;0.000154
53;29;8;0.000289
53;29;16;0.000439
53;29;32;0.000844
53;29;3;0.000119
53;29;5;0.000176
53;29;7;0.000265
53;29;11;0.000328
53;29;13;0.000377
53;29;17;0.000589
53;29;19;0.000525
53;29;23;0.000657
53;29;29;0.000780
53;29;31;0.001292
53;31;2;0.000119
53;31;4;0.000177
53;31;8;0.000339
53;31;16;0.000617
53;31;32;0.001289
53;31;3;0.000196
53;31;5;0.000193
53;31;7;0.000241
53;31;11;0.000358
53;31;13;0.001018
53;31;17;0.000464
53;31;19;0.000692
53;31;23;0.000863
53;31;29;0.001091
53;31;31;0.001233
53;37;2;0.000151
53;37;4;0.000226
53;37;8;0.000323
53;37;16;0.000637
53;37;32;0.001248
53;37;3;0.000180
53;37;5;0.000444
53;37;7;0.000393
53;37;11;0.000324
53;37;13;0.000435
53;37;17;0.000481
53;37;19;0.000527
53;37;23;0.000629
53;37;29;0.000792
53;37;31;0.000840
53;41;2;0.010508
53;41;4;0.000170
53;41;8;0.000270
53;41;16;0.000430
53;41;32;0.000880
53;41;3;0.000152
53;41;5;0.000185
53;41;7;0.000268
53;41;11;0.000459
53;41;13;0.002862
53;41;17;0.000651
53;41;19;0.000709
53;41;23;0.001210
53;41;29;0.001096
53;41;31;0.001262
53;43;2;0.000328
53;43;4;0.000220
53;43;8;0.000362
53;43;16;0.000673
53;43;32;0.000970
53;43;3;0.000147
53;43;5;0.000174
53;43;7;0.000238
53;43;11;0.000319
53;43;13;0.000393
53;43;17;0.000484
53;43;19;0.000553
53;43;23;0.000696
53;43;29;0.000971
53;43;31;0.001062
53;47;2;0.000898
53;47;4;0.000169
53;47;8;0.000287
53;47;16;0.000460
53;47;32;0.000939
53;47;3;0.000178
53;47;5;0.000205
53;47;7;0.000287
53;47;11;0.001249
53;47;13;0.000462
53;47;17;0.000581
53;47;19;0.000630
53;47;23;0.000761
53;47;29;0.000821
53;47;31;0.000834
53;53;2;0.000148
53;53;4;0.000186
53;53;8;0.000267
53;53;16;0.000489
53;53;32;0.001088
53;53;3;0.000159
53;53;5;0.000241
53;53;7;0.000245
53;53;11;0.000319
53;53;13;0.000435
53;53;17;0.000598
53;53;19;0.000552
53;53;23;0.000648
53;53;29;0.000836
53;53;31;0.000910
53;59;2;0.012987
53;59;4;0.000185
53;59;8;0.000277
53;59;16;0.000458
53;59;32;0.000940
53;59;3;0.000161
53;59;5;0.000198
53;59;7;0.000277
53;59;11;0.003505
53;59;13;0.000417
53;59;17;0.000504
53;59;19;0.000551
53;59;23;0.000642
53;59;29;0.000795
53;59;31;0.000955
53;61;2;0.000187
53;61;4;0.000204
53;61;8;0.000334
53;61;16;0.005248
53;61;32;0.001451
53;61;3;0.000352
53;61;5;0.000220
53;61;7;0.000247
53;61;11;0.000337
53;61;13;0.000428
53;61;17;0.000486
53;61;19;0.000533
53;61;23;0.000632
53;61;29;0.003590
53;61;31;0.001105
53;67;2;0.001017
53;67;4;0.000191
53;67;8;0.000295
53;67;16;0.000551
53;67;32;0.001225
53;67;3;0.000182
53;67;5;0.000239
53;67;7;0.000304
53;67;11;0.000503
53;67;13;0.000585
53;67;17;0.000715
53;67;19;0.001008
53;67;23;0.000616
53;67;29;0.000830
53;67;31;0.000870
59;16;2;0.000096
59;16;4;0.000163
59;16;8;0.000263
59;16;16;0.000518
59;16;32;0.000894
59;16;3;0.000114
59;16;5;0.000163
59;16;7;0.000221
59;16;11;0.000336
59;16;13;0.000512
59;16;17;0.000460
59;16;19;0.000537
59;16;23;0.000659
59;16;29;0.000743
59;16;31;0.000923
59;32;2;0.006456
59;32;4;0.000268
59;32;8;0.000269
59;32;16;0.000454
59;32;32;0.000827
59;32;3;0.000147
59;32;5;0.000200
59;32;7;0.000245
59;32;11;0.000362
59;32;13;0.000568
59;32;17;0.000683
59;32;19;0.000771
59;32;23;0.001013
59;32;29;0.001103
59;32;31;0.001096
59;64;2;0.000232
59;64;4;0.000255
59;64;8;0.000403
59;64;16;0.000715
59;64;32;0.000961
59;64;3;0.000184
59;64;5;0.000217
59;64;7;0.000283
59;64;11;0.000365
59;64;13;0.000408
59;64;17;0.000806
59;64;19;0.000530
59;64;23;0.000667
59;64;29;0.000948
59;64;31;0.000922
59;11;2;0.004043
59;11;4;0.000152
59;11;8;0.000241
59;11;16;0.000447
59;11;32;0.000872
59;11;3;0.000101
59;11;5;0.000174
59;11;7;0.000225
59;11;11;0.000352
59;11;13;0.000432
59;11;17;0.000563
59;11;19;0.000556
59;11;23;0.000621
59;11;29;0.000768
59;11;31;0.000832
59;13;2;0.000085
59;13;4;0.000166
59;13;8;0.000218
59;13;16;0.000466
59;13;32;0.000807
59;13;3;0.000126
59;13;5;0.000209
59;13;7;0.000255
59;13;11;0.000379
59;13;13;0.000436
59;13;17;0.000507
59;13;19;0.000680
59;13;23;0.000578
59;13;29;0.000820
59;13;31;0.001099
59;17;2;0.000100
59;17;4;0.000205
59;17;8;0.000287
59;17;16;0.000599
59;17;32;0.001275
59;17;3;0.000137
59;17;5;0.000210
59;17;7;0.000278
59;17;11;0.000508
59;17;13;0.000537
59;17;17;0.000646
59;17;19;0.000953
59;17;23;0.001134
59;17;29;0.001369
59;17;31;0.000869
59;19;2;0.000093
59;19;4;0.000148
59;19;8;0.000228
59;19;16;0.000443
59;19;32;0.001306
59;19;3;0.000126
59;19;5;0.000181
59;19;7;0.000219
59;19;11;0.000372
59;19;13;0.000482
59;19;17;0.000609
59;19;19;0.000588
59;19;23;0.000726
59;19;29;0.000853
59;19;31;0.001162
59;23;2;0.000123
59;23;4;0.000183
59;23;8;0.000346
59;23;16;0.000641
59;23;32;0.000931
59;23;3;0.000126
59;23;5;0.000190
59;23;7;0.000245
59;23;11;0.000311
59;23;13;0.000457
59;23;17;0.000471
59;23;19;0.000531
59;23;23;0.000727
59;23;29;0.000805
59;23;31;0.001105
59;29;2;0.000781
59;29;4;0.000178
59;29;8;0.000279
59;29;16;0.000613
59;29;32;0.000921
59;29;3;0.000142
59;29;5;0.000193
59;29;7;0.000324
59;29;11;0.000492
59;29;13;0.000749
59;29;17;0.000668
59;29;19;0.000540
59;29;23;0.000703
59;29;29;0.000954
59;29;31;0.000848
59;31;2;0.000106
59;31;4;0.000171
59;31;8;0.000255
59;31;16;0.000446
59;31;32;0.004624
59;31;3;0.000145
59;31;5;0.000205
59;31;7;0.000244
59;31;11;0.000333
59;31;13;0.000379
59;31;17;0.000478
59;31;19;0.000723
59;31;23;0.000643
59;31;29;0.001093
59;31;31;0.002472
59;37;2;0.008489
59;37;4;0.000189
59;37;8;0.000274
59;37;16;0.000465
59;37;32;0.001001
59;37;3;0.000159
59;37;5;0.000182
59;37;7;0.000240
59;37;11;0.000351
59;37;13;0.000519
59;37;17;0.000488
59;37;19;0.000507
59;37;23;0.000631
59;37;29;0.000772
59;37;31;0.000837
59;41;2;0.000149
59;41;4;0.000213
59;41;8;0.000303
59;41;16;0.000566
59;41;32;0.001182
59;41;3;0.000133
59;41;5;0.000192
59;41;7;0.000232
59;41;11;0.000340
59;41;13;0.000384
59;41;17;0.000488
59;41;19;0.000628
59;41;23;0.000635
59;41;29;0.000760
59;41;31;0.000966
59;43;2;0.006510
59;43;4;0.000175
59;43;8;0.000281
59;43;16;0.000547
59;43;32;0.000989
59;43;3;0.000171
59;43;5;0.000212
59;43;7;0.000266
59;43;11;0.000526
59;43;13;0.000461
59;43;17;0.000578
59;43;19;0.000684
59;43;23;0.000758
59;43;29;0.000944
59;43;31;0.000903
59;47;2;0.000159
59;47;4;0.000220
59;47;8;0.000381
59;47;16;0.005153
59;47;32;0.001490
59;47;3;0.000198
59;47;5;0.000285
59;47;7;0.000333
59;47;11;0.000639
59;47;13;0.000648
59;47;17;0.000854
59;47;19;0.000985
59;47;23;0.001173
59;47;29;0.001428
59;47;31;0.000841
59;53;2;0.000141
59;53;4;0.000189
59;53;8;0.000292
59;53;16;0.000558
59;53;32;0.001051
59;53;3;0.000175
59;53;5;0.000237
59;53;7;0.000259
59;53;11;0.000389
59;53;13;0.000401
59;53;17;0.000502
59;53;19;0.000562
59;53;23;0.000694
59;53;29;0.001060
59;53;31;0.001033
59;59;2;0.010303
59;59;4;0.000187
59;59;8;0.000289
59;59;16;0.000478
59;59;32;0.001011
59;59;3;0.000174
59;59;5;0.000283
59;59;7;0.000289
59;59;11;0.000380
59;59;13;0.000503
59;59;17;0.000615
59;59;19;0.000705
59;59;23;0.000788
59;59;29;0.001114
59;59;31;0.001056
59;61;2;0.000151
59;61;4;0.000224
59;61;8;0.000367
59;61;16;0.000522
59;61;32;0.000901
59;61;3;0.000222
59;61;5;0.000242
59;61;7;0.000307
59;61;11;0.000412
59;61;13;0.000393
59;61;17;0.000528
59;61;19;0.000552
59;61;23;0.000689
59;61;29;0.001003
59;61;31;0.000970
59;67;2;0.000183
59;67;4;0.000211
59;67;8;0.000333
59;67;16;0.000716
59;67;32;0.001072
59;67;3;0.000198
59;67;5;0.000241
59;67;7;0.000487
59;67;11;0.000405
59;67;13;0.000463
59;67;17;0.000576
59;67;19;0.000714
59;67;23;0.000920
59;67;29;0.001149
59;67;31;0.001217
61;16;2;0.000112
61;16;4;0.000211
61;16;8;0.000321
61;16;16;0.000550
61;16;32;0.001509
61;16;3;0.000152
61;16;5;0.000212
61;16;7;0.000300
61;16;11;0.000330
61;16;13;0.000388
61;16;17;0.000440
61;16;19;0.000523
61;16;23;0.000612
61;16;29;0.001013
61;16;31;0.000900
61;32;2;0.004895
61;32;4;0.000167
61;32;8;0.000262
61;32;16;0.000443
61;32;32;0.000823
61;32;3;0.000144
61;32;5;0.000308
61;32;7;0.000264
61;32;11;0.000359
61;32;13;0.000426
61;32;17;0.000689
61;32;19;0.000759
61;32;23;0.000985
61;32;29;0.000828
61;32;31;0.000984
61;64;2;0.000160
61;64;4;0.000198
61;64;8;0.000332
61;64;16;0.000559
61;64;32;0.001149
61;64;3;0.000185
61;64;5;0.000247
61;64;7;0.000316
61;64;11;0.000452
61;64;13;0.000461
61;64;17;0.000603
61;64;19;0.000580
61;64;23;0.001459
61;64;29;0.000815
61;64;31;0.000805
61;11;2;0.007576
61;11;4;0.000150
61;11;8;0.000254
61;11;16;0.000420
61;11;32;0.000856
61;11;3;0.000105
61;11;5;0.000163
61;11;7;0.000229
61;11;11;0.000328
61;11;13;0.000397
61;11;17;0.000568
61;11;19;0.000678
61;11;23;0.000635
61;11;29;0.000783
61;11;31;0.000841
61;13;2;0.000092
61;13;4;0.000136
61;13;8;0.000248
61;13;16;0.000650
61;13;32;0.000883
61;13;3;0.000137
61;13;5;0.000170
61;13;7;0.000251
61;13;11;0.000691
61;13;13;0.000415
61;13;17;0.000525
61;13;19;0.000538
61;13;23;0.000579
61;13;29;0.000760
61;13;31;0.001158
61;17;2;0.000098
61;17;4;0.000390
61;17;8;0.000279
61;17;16;0.000538
61;17;32;0.001216
61;17;3;0.000135
61;17;5;0.000206
61;17;7;0.000220
61;17;11;0.000302
61;17;13;0.000385
61;17;17;0.000428
61;17;19;0.000690
61;17;23;0.000656
61;17;29;0.000871
61;17;31;0.000971
61;19;2;0.016928
61;19;4;0.000165
61;19;8;0.000331
61;19;16;0.000444
61;19;32;0.001062
61;19;3;0.000126
61;19;5;0.000183
61;19;7;0.000257
61;19;11;0.000370
61;19;13;0.000365
61;19;17;0.000448
61;19;19;0.000556
61;19;23;0.000744
61;19;29;0.000751
61;19;31;0.000898
61;23;2;0.007518
61;23;4;0.000154
61;23;8;0.000240
61;23;16;0.000455
61;23;32;0.000861
61;23;3;0.000787
61;23;5;0.000204
61;23;7;0.000268
61;23;11;0.000342
61;23;13;0.000407
61;23;17;0.000666
61;23;19;0.000689
61;23;23;0.000833
61;23;29;0.001045
61;23;31;0.001744
61;29;2;0.000213
61;29;4;0.000266
61;29;8;0.000443
61;29;16;0.000845
61;29;32;0.002064
61;29;3;0.000143
61;29;5;0.000169
61;29;7;0.000237
61;29;11;0.000465
61;29;13;0.000395
61;29;17;0.000478
61;29;19;0.000689
61;29;23;0.000709
61;29;29;0.000816
61;29;31;0.001041
61;31;2;0.000110
61;31;4;0.000162
61;31;8;0.000286
61;31;16;0.000546
61;31;32;0.000968
61;31;3;0.000162
61;31;5;0.000212
61;31;7;0.000289
61;31;11;0.000401
61;31;13;0.000448
61;31;17;0.000573
61;31;19;0.001237
61;31;23;0.000635
61;31;29;0.000728
61;31;31;0.000865
61;37;2;0.000145
61;37;4;0.000184
61;37;8;0.000294
61;37;16;0.000550
61;37;32;0.001087
61;37;3;0.000153
61;37;5;0.000215
61;37;7;0.000301
61;37;11;0.000388
61;37;13;0.000472
61;37;17;0.000702
61;37;19;0.000594
61;37;23;0.000719
61;37;29;0.001200
61;37;31;0.000951
61;41;2;0.000119
61;41;4;0.000182
61;41;8;0.000269
61;41;16;0.000549
61;41;32;0.000875
61;41;3;0.000140
61;41;5;0.000194
61;41;7;0.000244
61;41;11;0.000346
61;41;13;0.000466
61;41;17;0.000533
61;41;19;0.000569
61;41;23;0.000852
61;41;29;0.000763
61;41;31;0.000906
61;43;2;0.000133
61;43;4;0.000179
61;43;8;0.000280
61;43;16;0.000451
61;43;32;0.000862
61;43;3;0.000136
61;43;5;0.000246
61;43;7;0.000255
61;43;11;0.000371
61;43;13;0.000416
61;43;17;0.000518
61;43;19;0.000543
61;43;23;0.000618
61;43;29;0.000815
61;43;31;0.000973
61;47;2;0.000160
61;47;4;0.000201
61;47;8;0.000336
61;47;16;0.000763
61;47;32;0.001282
61;47;3;0.000198
61;47;5;0.000298
61;47;7;0.000349
61;47;11;0.000435
61;47;13;0.000515
61;47;17;0.000870
61;47;19;0.001000
61;47;23;0.001170
61;47;29;0.000834
61;47;31;0.000793
61;53;2;0.000152
61;53;4;0.000187
61;53;8;0.000309
61;53;16;0.000506
61;53;32;0.000896
61;53;3;0.000140
61;53;5;0.000195
61;53;7;0.000289
61;53;11;0.000390
61;53;13;0.000463
61;53;17;0.000532
61;53;19;0.000565
61;53;23;0.000648
61;53;29;0.000799
61;53;31;0.000991
61;59;2;0.000172
61;59;4;0.000229
61;59;8;0.000330
61;59;16;0.000585
61;59;32;0.000981
61;59;3;0.000218
61;59;5;0.000272
61;59;7;0.000307
61;59;11;0.000488
61;59;13;0.000632
61;59;17;0.000688
61;59;19;0.004993
61;59;23;0.000917
61;59;29;0.001115
61;59;31;0.000867
61;61;2;0.000169
61;61;4;0.000200
61;61;8;0.000309
61;61;16;0.000595
61;61;32;0.001051
61;61;3;0.000179
61;61;5;0.000229
61;61;7;0.000387
61;61;11;0.000368
61;61;13;0.000438
61;61;17;0.000535
61;61;19;0.000548
61;61;23;0.000637
61;61;29;0.001345
61;61;31;0.001060
61;67;2;0.011976
61;67;4;0.000204
61;67;8;0.000297
61;67;16;0.000511
61;67;32;0.000941
61;67;3;0.000195
61;67;5;0.000225
61;67;7;0.000254
61;67;11;0.000362
61;67;13;0.000418
61;67;17;0.000560
61;67;19;0.000588
61;67;23;0.000753
61;67;29;0.000791
61;67;31;0.000923
67;16;2;0.000099
67;16;4;0.000160
67;16;8;0.000247
67;16;16;0.000446
67;16;32;0.000935
67;16;3;0.000126
67;16;5;0.000220
67;16;7;0.000213
67;16;11;0.000313
67;16;13;0.000404
67;16;17;0.000466
67;16;19;0.000510
67;16;23;0.000855
67;16;29;0.000882
67;16;31;0.000845
67;32;2;0.012342
67;32;4;0.000184
67;32;8;0.000291
67;32;16;0.000434
67;32;32;0.000896
67;32;3;0.000143
67;32;5;0.000181
67;32;7;0.000222
67;32;11;0.000358
67;32;13;0.000412
67;32;17;0.000509
67;32;19;0.000638
67;32;23;0.000651
67;32;29;0.000796
67;32;31;0.001086
67;64;2;0.000202
67;64;4;0.000246
67;64;8;0.000340
67;64;16;0.000573
67;64;32;0.001168
67;64;3;0.000196
67;64;5;0.000253
67;64;7;0.000467
67;64;11;0.000411
67;64;13;0.000466
67;64;17;0.000503
67;64;19;0.000573
67;64;23;0.000835
67;64;29;0.000823
67;64;31;0.001050
67;11;2;0.011156
67;11;4;0.000139
67;11;8;0.000305
67;11;16;0.000464
67;11;32;0.000853
67;11;3;0.000100
67;11;5;0.000159
67;11;7;0.000226
67;11;11;0.000307
67;11;13;0.000451
67;11;17;0.000555
67;11;19;0.000635
67;11;23;0.000770
67;11;29;0.000812
67;11;31;0.000893
67;13;2;0.000086
67;13;4;0.000154
67;13;8;0.000280
67;13;16;0.000506
67;13;32;0.001044
67;13;3;0.000127
67;13;5;0.000180
67;13;7;0.000224
67;13;11;0.000333
67;13;13;0.000356
67;13;17;0.000436
67;13;19;0.000668
67;13;23;0.000612
67;13;29;0.000740
67;13;31;0.001062
67;17;2;0.000105
67;17;4;0.000166
67;17;8;0.000279
67;17;16;0.000564
67;17;32;0.001038
67;17;3;0.000124
67;17;5;0.000149
67;17;7;0.000245
67;17;11;0.000301
67;17;13;0.000359
67;17;17;0.000625
67;17;19;0.000620
67;17;23;0.000754
67;17;29;0.000943
67;17;31;0.001215
67;19;2;0.001218
67;19;4;0.000217
67;19;8;0.000349
67;19;16;0.000895
67;19;32;0.001294
67;19;3;0.000147
67;19;5;0.000226
67;19;7;0.000316
67;19;11;0.000502
67;19;13;0.000536
67;19;17;0.000518
67;19;19;0.000594
67;19;23;0.000662
67;19;29;0.000785
67;19;31;0.000917
67;23;2;0.000106
67;23;4;0.000155
67;23;8;0.000261
67;23;16;0.000464
67;23;32;0.000931
67;23;3;0.000141
67;23;5;0.000191
67;23;7;0.000223
67;23;11;0.000294
67;23;13;0.000364
67;23;17;0.000494
67;23;19;0.000494
67;23;23;0.001212
67;23;29;0.000800
67;23;31;0.001006
67;29;2;0.015938
67;29;4;0.000180
67;29;8;0.000281
67;29;16;0.000460
67;29;32;0.000824
67;29;3;0.000137
67;29;5;0.000185
67;29;7;0.000236
67;29;11;0.000369
67;29;13;0.000455
67;29;17;0.000465
67;29;19;0.000587
67;29;23;0.000660
67;29;29;0.000769
67;29;31;0.000812
67;31;2;0.000142
67;31;4;0.000185
67;31;8;0.000315
67;31;16;0.000536
67;31;32;0.001103
67;31;3;0.000141
67;31;5;0.000186
67;31;7;0.000243
67;31;11;0.000333
67;31;13;0.000398
67;31;17;0.000554
67;31;19;0.000576
67;31;23;0.001018
67;31;29;0.000949
67;31;31;0.001157
67;37;2;0.003783
67;37;4;0.000178
67;37;8;0.000433
67;37;16;0.000454
67;37;32;0.000880
67;37;3;0.000157
67;37;5;0.000209
67;37;7;0.000266
67;37;11;0.000370
67;37;13;0.000458
67;37;17;0.000604
67;37;19;0.000643
67;37;23;0.000821
67;37;29;0.000917
67;37;31;0.001091
67;41;2;0.000132
67;41;4;0.000178
67;41;8;0.000290
67;41;16;0.000455
67;41;32;0.003014
67;41;3;0.000306
67;41;5;0.000248
67;41;7;0.000265
67;41;11;0.000315
67;41;13;0.000406
67;41;17;0.000483
67;41;19;0.000584
67;41;23;0.000677
67;41;29;0.000868
67;41;31;0.001012
67;43;2;0.000787
67;43;4;0.000192
67;43;8;0.000270
67;43;16;0.000460
67;43;32;0.001153
67;43;3;0.000148
67;43;5;0.000199
67;43;7;0.000248
67;43;11;0.000326
67;43;13;0.000409
67;43;17;0.000560
67;43;19;0.000761
67;43;23;0.000805
67;43;29;0.000960
67;43;31;0.000907
67;47;2;0.000146
67;47;4;0.000186
67;47;8;0.000274
67;47;16;0.000489
67;47;32;0.000989
67;47;3;0.000188
67;47;5;0.000214
67;47;7;0.000268
67;47;11;0.000374
67;47;13;0.000431
67;47;17;0.000509
67;47;19;0.000589
67;47;23;0.000656
67;47;29;0.000805
67;47;31;0.000862
67;53;2;0.000157
67;53;4;0.000196
67;53;8;0.000324
67;53;16;0.000544
67;53;32;0.001093
67;53;3;0.000186
67;53;5;0.000238
67;53;7;0.000270
67;53;11;0.000404
67;53;13;0.000429
67;53;17;0.000544
67;53;19;0.000679
67;53;23;0.000683
67;53;29;0.000819
67;53;31;0.001028
67;59;2;0.011191
67;59;4;0.000225
67;59;8;0.000289
67;59;16;0.000478
67;59;32;0.001047
67;59;3;0.000188
67;59;5;0.000247
67;59;7;0.000320
67;59;11;0.000421
67;59;13;0.000501
67;59;17;0.000614
67;59;19;0.000682
67;59;23;0.000779
67;59;29;0.000917
67;59;31;0.001022
67;61;2;0.000189
67;61;4;0.000204
67;61;8;0.000407
67;61;16;0.000456
67;61;32;0.002868
67;61;3;0.000185
67;61;5;0.000233
67;61;7;0.000395
67;61;11;0.000388
67;61;13;0.000434
67;61;17;0.000547
67;61;19;0.000580
67;61;23;0.000752
67;61;29;0.000888
67;61;31;0.000981
67;67;2;0.003671
67;67;4;0.000338
67;67;8;0.000426
67;67;16;0.000545
67;67;32;0.000960
67;67;3;0.000242
67;67;5;0.000222
67;67;7;0.000262
67;67;11;0.000374
67;67;13;0.000428
67;67;17;0.000541
67;67;19;0.000622
67;67;23;0.000723
67;67;29;0.000828
67;67;31;0.000891
